{
    "nodes": [
        "Node0",
        "Node1",
        "Node2",
        "Node3",
        "Node4",
        "Node5",
        "Node6",
        "Node7",
        "Node8",
        "Node9"
    ],
    "edges": [
        [
            "Node4",
            "Node1"
        ],
        [
            "Node0",
            "Node0"
        ],
        [
            "Node8",
            "Node7"
        ],
        [
            "Node6",
            "Node2"
        ],
        [
            "Node5",
            "Node2"
        ],
        [
            "Node5",
            "Node3"
        ],
        [
            "Node5",
            "Node8"
        ],
        [
            "Node2",
            "Node7"
        ],
        [
            "Node5",
            "Node0"
        ],
        [
            "Node4",
            "Node2"
        ],
        [
            "Node9",
            "Node9"
        ],
        [
            "Node2",
            "Node1"
        ],
        [
            "Node4",
            "Node6"
        ],
        [
            "Node5",
            "Node7"
        ],
        [
            "Node4",
            "Node8"
        ],
        [
            "Node9",
            "Node2"
        ],
        [
            "Node9",
            "Node6"
        ],
        [
            "Node7",
            "Node5"
        ],
        [
            "Node8",
            "Node0"
        ]
    ],
    "capacities": [
        871.8078795924641,
        834.9692337790106,
        748.0755443515749,
        926.3108054299349,
        283.6425826839348,
        877.059449121007,
        613.3186390605538,
        761.8023550196749,
        264.49418256771344,
        313.6973055477409,
        892.7791380198213,
        316.2273765439716,
        994.5705008192621,
        763.9117382399786,
        152.11348141073455,
        853.1806276062872,
        657.7620581985677,
        798.4219630699575,
        54.1689660827147
    ],
    "latencies": [
        1.5713459897057331,
        2.375619401135289,
        0.4550362568754738,
        2.6762172394930874,
        7.0890323394880825,
        4.420655678575023,
        9.95249725924607,
        9.279342777279144,
        0.5038379145491482,
        3.6295491508342614,
        7.119388508442489,
        4.903475193171359,
        4.980586645108906,
        8.473799674404138,
        8.682105073822525,
        1.3241769169351647,
        1.0264209942293436,
        8.694913785254604,
        1.8884841447028604
    ],
    "source": "Node2",
    "sink": "Node8",
    "max_delay": 84.03145808392196,
    "min_throughput": 56.76149153857348
}