{
    "large_sheet_width": 2092.54,
    "large_sheet_height": 1090.24,
    "small_panes": [
        [
            285.98,
            41.01
        ],
        [
            348.98,
            115.58
        ],
        [
            204.79,
            194.94
        ],
        [
            28.21,
            221.92
        ],
        [
            238.19,
            95.76
        ],
        [
            16.5,
            449.73
        ],
        [
            331.74,
            480.12
        ],
        [
            439.42,
            357.85
        ],
        [
            362.25,
            109.32
        ],
        [
            140.97,
            338.91
        ]
    ],
    "demand": [
        25,
        31,
        89,
        58,
        1,
        84,
        6,
        73,
        56,
        72
    ],
    "max_cuts": 99
}