{
    "employees": [
        "Employee_0",
        "Employee_1",
        "Employee_2",
        "Employee_3",
        "Employee_4"
    ],
    "shifts": [
        "Shift_0",
        "Shift_1",
        "Shift_2",
        "Shift_3",
        "Shift_4"
    ],
    "costs": [
        [
            49.1130558683,
            7.8520393284,
            76.2996143605,
            76.8176085014,
            13.7107549855
        ],
        [
            48.0529554318,
            55.430555756,
            27.2406062651,
            87.3708710674,
            42.8906560799
        ],
        [
            21.9680223388,
            54.3903127892,
            73.2631758399,
            20.9139552756,
            31.8599128388
        ],
        [
            99.5197863094,
            65.3379277063,
            44.3719083075,
            52.2400082625,
            12.979415391
        ],
        [
            23.2450363661,
            34.4704706526,
            59.2425631273,
            23.7813585271,
            22.8015210607
        ]
    ],
    "shift_requirements": [
        1,
        3,
        3,
        1,
        1
    ],
    "skills": [
        [
            0,
            0,
            1,
            0,
            0
        ],
        [
            1,
            1,
            0,
            0,
            1
        ],
        [
            0,
            1,
            1,
            0,
            0
        ],
        [
            0,
            1,
            1,
            1,
            1
        ],
        [
            1,
            0,
            0,
            0,
            1
        ]
    ],
    "max_consecutive_shifts": 3
}