{
    "employees": [
        "Employee_0",
        "Employee_1",
        "Employee_2",
        "Employee_3",
        "Employee_4"
    ],
    "shifts": [
        "Shift_0",
        "Shift_1",
        "Shift_2",
        "Shift_3",
        "Shift_4",
        "Shift_5",
        "Shift_6"
    ],
    "costs": [
        [
            3.9091963856,
            5.9992954408,
            4.7336938891,
            2.5889997878,
            5.5769363725,
            9.4300655277,
            6.8348057615
        ],
        [
            1.2340622555,
            8.8594056563,
            7.533690216,
            7.7091274533,
            3.467737183,
            3.0056512736,
            1.665761768
        ],
        [
            0.1321286294,
            7.248711407,
            7.224838622,
            9.7216921788,
            7.6434257706,
            5.1260485786,
            1.1534671457
        ],
        [
            6.2904719163,
            8.4325265469,
            5.1258625316,
            2.0692199075,
            3.8017471407,
            1.699335454,
            9.5396475018
        ],
        [
            9.2320973981,
            9.1930855945,
            6.0295513862,
            4.9371965095,
            1.2074904807,
            3.6935095951,
            9.8546816515
        ]
    ],
    "shift_requirements": [
        3,
        2,
        1,
        2,
        5,
        1,
        1
    ],
    "max_consecutive_shifts": 3
}