{
    "nodes": [
        "Node_0",
        "Node_1",
        "Node_2",
        "Node_3",
        "Node_4",
        "Node_5",
        "Node_6",
        "Node_7",
        "Node_8",
        "Node_9"
    ],
    "arcs": [
        [
            "Node_5",
            "Node_0"
        ],
        [
            "Node_3",
            "Node_6"
        ],
        [
            "Node_1",
            "Node_3"
        ],
        [
            "Node_6",
            "Node_7"
        ],
        [
            "Node_3",
            "Node_0"
        ],
        [
            "Node_0",
            "Node_2"
        ],
        [
            "Node_9",
            "Node_3"
        ],
        [
            "Node_4",
            "Node_2"
        ],
        [
            "Node_6",
            "Node_8"
        ],
        [
            "Node_1",
            "Node_9"
        ],
        [
            "Node_1",
            "Node_5"
        ],
        [
            "Node_7",
            "Node_8"
        ],
        [
            "Node_5",
            "Node_2"
        ],
        [
            "Node_8",
            "Node_7"
        ],
        [
            "Node_2",
            "Node_5"
        ],
        [
            "Node_9",
            "Node_6"
        ],
        [
            "Node_6",
            "Node_9"
        ],
        [
            "Node_2",
            "Node_6"
        ],
        [
            "Node_5",
            "Node_7"
        ],
        [
            "Node_6",
            "Node_5"
        ]
    ],
    "capacities": [
        36.87744578927064,
        47.918708665698475,
        14.225675271224274,
        11.905474989847542,
        91.22483086277101,
        36.72499507685301,
        85.08358292140423,
        78.08604087741699,
        14.795578376762801,
        46.57845019750209,
        83.68998127041688,
        55.5985383407037,
        93.20283489959267,
        42.68662004178198,
        21.86299949850409,
        23.23413230874166,
        74.95254070790357,
        12.606345118903706,
        69.88229296127201,
        15.164581331376858
    ],
    "transport_costs": [
        7.597733678200259,
        7.265102808804949,
        4.8223786752310245,
        1.4867501058624373,
        1.9540884790176585,
        6.2344636668557865,
        5.291439127452184,
        6.345330818252957,
        2.42355876618379,
        2.321980046385511,
        2.271497433714119,
        3.205412236553338,
        1.1122993016440292,
        8.479611935640882,
        4.748453828300945,
        7.888759334696982,
        5.227882636279027,
        2.261011583603651,
        5.747050339632297,
        9.538891879436145
    ],
    "storage_costs": [
        2.8807380024052405,
        3.890229682246953,
        2.7758945459543733,
        3.579388609386892,
        1.0528376783957798,
        1.4450666652884285,
        1.2400031948434451,
        3.5698171267544954,
        3.416694395277885,
        1.6943208129195995
    ],
    "supply": [
        8.01743939923777,
        19.81953450764719,
        21.181038275325125,
        47.41209815292675,
        22.71482555350509,
        35.57033830490642,
        12.902718007247977,
        28.60325668076889,
        15.301697965470257,
        11.365742766734305
    ],
    "demand": [
        46.5725117015841,
        13.591380407334242,
        4.596826255880682,
        18.878014004948092,
        47.55365182650586,
        37.156736929664106,
        20.020121194066014,
        2.7998410980799804,
        19.6145479320339,
        41.125248277930815
    ]
}