{
    "locations": [
        "Location_0",
        "Location_1",
        "Location_2",
        "Location_3",
        "Location_4"
    ],
    "distances": [
        [
            0.0,
            14.5169367516,
            81.7063781247,
            96.4190798521,
            51.0383639533
        ],
        [
            50.0020149388,
            0.0,
            68.7849703854,
            42.1474130921,
            84.149288408
        ],
        [
            49.381251682,
            9.1843919529,
            0.0,
            4.0552098587,
            76.344605236
        ],
        [
            29.9169010463,
            28.2104389091,
            54.2232532023,
            0.0,
            17.6526887662
        ],
        [
            46.2748173401,
            74.509306941,
            76.8260359394,
            55.4228922693,
            0.0
        ]
    ],
    "truck_capacity": 12.2078885339,
    "waste_amounts": [
        12.3064584845,
        77.7361897585,
        82.5049979918,
        37.3193154384,
        82.4384818518
    ],
    "num_trucks": 2,
    "time_windows": [
        [
            5.1194417048,
            72.1790438719
        ],
        [
            55.0889741975,
            98.9877970598
        ],
        [
            11.1392274489,
            83.1770009377
        ],
        [
            30.4731845752,
            75.3832039796
        ],
        [
            45.5235019402,
            99.9319542586
        ]
    ]
}