{
    "locations": [
        "Location_1",
        "Location_2",
        "Location_3",
        "Location_4"
    ],
    "time_dependent_distances": [
        [
            [
                32.8583994327,
                42.2094032516,
                72.3085042214,
                27.854537843,
                8.7108199267
            ],
            [
                37.908008507,
                50.7020533134,
                90.2921599166,
                18.755090677,
                80.6294639264
            ],
            [
                98.1599725302,
                95.4538613386,
                7.8237173395,
                47.0443236138,
                28.9483801915
            ],
            [
                84.6398039219,
                33.4027912509,
                55.7560481371,
                1.7889481822,
                20.8664441918
            ],
            [
                56.8168673416,
                31.0870214195,
                62.6490348653,
                46.9287423675,
                59.5774025635
            ]
        ],
        [
            [
                49.8427069096,
                77.4887130321,
                20.3468199634,
                90.1438864254,
                76.2877398118
            ],
            [
                25.2675605633,
                1.6314103924,
                41.593574847,
                24.0667764441,
                35.2959460762
            ],
            [
                84.1178266827,
                87.8426628109,
                95.1480359522,
                1.144742013,
                66.0730811674
            ],
            [
                85.0515927901,
                72.9942888651,
                11.2909529158,
                53.4516344169,
                24.5785918576
            ],
            [
                49.7108588081,
                6.9296124897,
                99.6989677406,
                71.4535949953,
                10.2096371975
            ]
        ],
        [
            [
                92.2061658942,
                89.8314597212,
                52.4561626307,
                70.3838440602,
                37.8767054333
            ],
            [
                97.4809242267,
                9.4053393341,
                10.4621235284,
                14.2178711748,
                82.1763262975
            ],
            [
                8.4082179487,
                57.2142521006,
                44.0633049651,
                96.4576091985,
                24.4404017394
            ],
            [
                26.8381029534,
                32.1858826256,
                80.280865378,
                70.3718350258,
                73.7999340095
            ],
            [
                32.4877142073,
                27.9236313114,
                8.3940561444,
                21.0685500016,
                78.2137612644
            ]
        ]
    ],
    "truck_capacity": 58.8860955446,
    "waste_amounts": [
        16.3856445809,
        17.2731230893,
        47.1394561312,
        41.244742639,
        54.0565303599
    ],
    "num_trucks": 2,
    "time_windows": [
        [
            1,
            9
        ],
        [
            2,
            9
        ],
        [
            2,
            6
        ],
        [
            0,
            7
        ],
        [
            5,
            8
        ]
    ],
    "time_intervals": [
        "Interval_0",
        "Interval_1",
        "Interval_2"
    ]
}