{
    "teachers": [
        "T1",
        "T2",
        "T3"
    ],
    "classes": [
        "C1",
        "C2"
    ],
    "time_slots": [
        "S1",
        "S2",
        "S3"
    ],
    "rooms": [
        "R1",
        "R2"
    ],
    "availability": [
        [
            true,
            true,
            true
        ],
        [
            true,
            true,
            false
        ],
        [
            true,
            false,
            true
        ]
    ],
    "preferences": [
        [
            [
                0.0418288582,
                0.3646515153,
                0.9330880105
            ],
            [
                0.972196265,
                0.0398948781,
                0.3578092323
            ]
        ],
        [
            [
                0.6820666883,
                0.6669334106,
                0.3536786346
            ],
            [
                0.5598835191,
                0.8747127235,
                0.9738370226
            ]
        ],
        [
            [
                0.7494776111,
                0.9257638226,
                0.2367373322
            ],
            [
                0.1625017671,
                0.7998870299,
                0.1770523703
            ]
        ]
    ]
}