{
    "nodes": [
        "Node_0",
        "Node_1",
        "Node_2",
        "Node_3",
        "Node_4",
        "Node_5",
        "Node_6",
        "Node_7",
        "Node_8"
    ],
    "edges": [
        [
            "Node_5",
            "Node_1"
        ],
        [
            "Node_5",
            "Node_3"
        ],
        [
            "Node_3",
            "Node_7"
        ],
        [
            "Node_7",
            "Node_8"
        ],
        [
            "Node_0",
            "Node_5"
        ],
        [
            "Node_4",
            "Node_0"
        ],
        [
            "Node_7",
            "Node_5"
        ],
        [
            "Node_6",
            "Node_8"
        ],
        [
            "Node_4",
            "Node_5"
        ],
        [
            "Node_5",
            "Node_6"
        ],
        [
            "Node_6",
            "Node_3"
        ],
        [
            "Node_6",
            "Node_1"
        ],
        [
            "Node_7",
            "Node_4"
        ],
        [
            "Node_1",
            "Node_2"
        ],
        [
            "Node_1",
            "Node_8"
        ],
        [
            "Node_2",
            "Node_0"
        ],
        [
            "Node_7",
            "Node_0"
        ],
        [
            "Node_2",
            "Node_3"
        ],
        [
            "Node_4",
            "Node_3"
        ],
        [
            "Node_5",
            "Node_8"
        ],
        [
            "Node_6",
            "Node_2"
        ],
        [
            "Node_7",
            "Node_1"
        ],
        [
            "Node_4",
            "Node_6"
        ],
        [
            "Node_7",
            "Node_2"
        ],
        [
            "Node_1",
            "Node_4"
        ],
        [
            "Node_6",
            "Node_7"
        ],
        [
            "Node_0",
            "Node_3"
        ],
        [
            "Node_2",
            "Node_4"
        ],
        [
            "Node_8",
            "Node_4"
        ],
        [
            "Node_1",
            "Node_3"
        ],
        [
            "Node_8",
            "Node_0"
        ],
        [
            "Node_6",
            "Node_0"
        ],
        [
            "Node_8",
            "Node_3"
        ]
    ],
    "capacities": [
        713867.9577787847,
        438285.92892077187,
        471316.9447228779,
        279862.74495512963,
        162205.16450269893,
        838657.3548469548,
        607381.5688745275,
        178059.36729796603,
        125027.23147063832,
        741705.0365839798,
        169284.92021938943,
        671720.7637565244,
        12199.407381607269,
        273979.0125440283,
        441217.3328677483,
        178762.2884769421,
        714697.8599608719,
        892795.0180125913,
        532766.5061350936,
        442616.0855967225,
        48708.266464357344,
        635155.6212656222,
        523351.58993580315,
        662877.4019978495,
        660380.3671979373,
        103690.49338421051,
        690656.3659684056,
        444542.6977899882,
        598607.1450238009,
        49616.030124107616,
        378018.1357588405,
        202536.3134882728,
        250450.0818645213
    ],
    "costs": [
        90.96688206952432,
        20.79858341848296,
        2.587805887658822,
        3.7664728160185508,
        2.4414364723454884,
        82.23212836699955,
        68.3159930424839,
        7.253977036745964,
        95.91578026373922,
        10.563717371936827,
        83.70312320600908,
        66.7467666910619,
        72.6771381984478,
        5.3572387259626435,
        51.737509963368616,
        81.74680929919336,
        32.94527802350638,
        63.051857022681865,
        62.84266196567424,
        93.49840943238557,
        40.11132821405977,
        43.36014925658398,
        24.008405634494263,
        11.48264614716959,
        33.01341496548454,
        2.4844626397774294,
        65.74528319617943,
        2.1861564630976202,
        22.06402603103829,
        22.7895231808395,
        66.1382085434601,
        28.567304785136535,
        62.76703002697987
    ],
    "demand": [
        -912.1221144895069,
        770.9201010847219,
        -177.80632821419488,
        535.0902616809171,
        -0.8479508295284859,
        980.9485838087437,
        425.0622173574793,
        582.5195460100663,
        844.4478191504631
    ],
    "renewable_supply": [
        569.2050618787043,
        251.94015323396545,
        94.74456757208061,
        324.3542908237568,
        630.873923721279,
        388.5654410563447,
        924.5534015623244,
        771.4064098426755,
        132.9314360920082
    ]
}