{
    "incident_locations": [
        "Incident_1",
        "Incident_2",
        "Incident_3",
        "Incident_4",
        "Incident_5"
    ],
    "vehicle_availability": [
        "Vehicle_1",
        "Vehicle_2",
        "Vehicle_3"
    ],
    "travel_times": [
        [
            5.5450346853,
            0.4811756597,
            8.8540730948,
            82.4073409776,
            62.5465862756,
            48.0848069053
        ],
        [
            9.7889910584,
            20.7746029941,
            63.8552468415,
            97.7080638303,
            47.4097080491,
            11.6393414818
        ],
        [
            78.5091696494,
            47.1473508497,
            89.4982605922,
            26.5739392721,
            64.2224516158,
            38.8139589903
        ],
        [
            37.1649504316,
            38.2063741915,
            18.7396358217,
            4.5572307773,
            44.030068243,
            26.4137408853
        ],
        [
            83.7241673382,
            56.4682341327,
            15.1979543749,
            69.6774480096,
            9.7605918405,
            66.8473032724
        ],
        [
            80.8371977247,
            41.4572666218,
            75.6700429269,
            22.8285245866,
            6.1922762312,
            38.7718990785
        ]
    ],
    "response_time_targets": [
        52.3059691051,
        96.5662076376,
        68.7380864456,
        93.6425074178,
        57.3141576341
    ],
    "incident_demand": [
        23.6406377463,
        29.9553256898,
        39.5409560843,
        85.4085881856,
        3.5693765064
    ],
    "vehicle_capacity": [
        57.1648715336,
        51.7300579486,
        57.1913919843
    ]
}