{
    "logistics_and_supply_chain": "Optimizing the distribution of goods from multiple warehouses to various retail stores to minimize transportation costs while meeting demand and supply constraints.",
    "energy_distribution": "Allocating electricity from multiple power plants to different regions to minimize transmission losses and costs while satisfying regional energy demands and generation capacities.",
    "water_resource_management": "Distributing water from multiple reservoirs to various agricultural fields to minimize transportation costs and ensure adequate water supply for crops, considering reservoir capacities and field requirements.",
    "waste_management": "Transporting waste from multiple collection points to various recycling and disposal facilities to minimize transportation costs and ensure proper waste processing, considering facility capacities and waste generation rates.",
    "public_transportation": "Optimizing the allocation of buses from multiple depots to various routes to minimize operational costs while meeting passenger demand and depot capacities.",
    "food_distribution": "Distributing food from multiple production facilities to various distribution centers to minimize transportation costs and ensure food supply meets demand, considering production capacities and distribution center requirements.",
    "pharmaceutical_distribution": "Transporting medicines from multiple manufacturing plants to various hospitals and pharmacies to minimize transportation costs while meeting demand and supply constraints.",
    "fuel_distribution": "Allocating fuel from multiple refineries to various gas stations to minimize transportation costs and ensure adequate fuel supply, considering refinery capacities and station demands.",
    "construction_materials_distribution": "Distributing construction materials from multiple suppliers to various construction sites to minimize transportation costs while meeting site requirements and supplier capacities.",
    "agricultural_product_distribution": "Transporting agricultural products from multiple farms to various markets to minimize transportation costs and ensure market supply meets demand, considering farm production capacities and market requirements."
}