{
    "Corporate Investment": "In corporate investment, the Capital Budgeting Problem can be applied to decide which projects or investments a company should undertake. The objective is to maximize the net present value (NPV) of selected projects. Variables include binary decision variables indicating whether a project is selected or not, and constraints can include budget limits, resource availability, and project interdependencies.",
    "Public Infrastructure": "In public infrastructure planning, the Capital Budgeting Problem can be used to determine which infrastructure projects (e.g., roads, bridges, schools) should be funded. The objective is to maximize social welfare or economic impact. Variables include binary decision variables for project selection, and constraints can include budget limits, regulatory requirements, and resource constraints.",
    "Research and Development": "In R&D portfolio management, the Capital Budgeting Problem helps in selecting which research projects to fund. The objective is to maximize the expected return on investment or innovation impact. Variables include binary decision variables for project selection, and constraints can include budget limits, resource availability, and project dependencies.",
    "Energy Sector": "In the energy sector, the Capital Budgeting Problem can be applied to decide on investments in new power plants, renewable energy projects, or energy efficiency programs. The objective is to maximize the return on investment or minimize costs. Variables include binary decision variables for project selection, and constraints can include budget limits, regulatory requirements, and capacity constraints.",
    "Healthcare": "In healthcare, the Capital Budgeting Problem can be used to determine which medical equipment or facility upgrades to invest in. The objective is to maximize patient outcomes or operational efficiency. Variables include binary decision variables for investment decisions, and constraints can include budget limits, regulatory requirements, and resource constraints.",
    "Education": "In the education sector, the Capital Budgeting Problem can be applied to decide on investments in new educational programs, facilities, or technology. The objective is to maximize educational outcomes or student satisfaction. Variables include binary decision variables for project selection, and constraints can include budget limits, regulatory requirements, and resource availability.",
    "Real Estate Development": "In real estate development, the Capital Budgeting Problem can be used to decide which properties or development projects to invest in. The objective is to maximize the return on investment. Variables include binary decision variables for project selection, and constraints can include budget limits, zoning laws, and resource availability.",
    "Non-Profit Organizations": "For non-profit organizations, the Capital Budgeting Problem can help in selecting which social programs or initiatives to fund. The objective is to maximize social impact or mission fulfillment. Variables include binary decision variables for project selection, and constraints can include budget limits, donor restrictions, and resource availability."
}