{
    "nodes": [
        "Node_0",
        "Node_1",
        "Node_2",
        "Node_3",
        "Node_4",
        "Node_5",
        "Node_6",
        "Node_7",
        "Node_8",
        "Node_9"
    ],
    "edges": [
        [
            "Node_2",
            "Node_5"
        ],
        [
            "Node_7",
            "Node_1"
        ],
        [
            "Node_5",
            "Node_0"
        ],
        [
            "Node_7",
            "Node_6"
        ],
        [
            "Node_8",
            "Node_3"
        ],
        [
            "Node_8",
            "Node_9"
        ],
        [
            "Node_0",
            "Node_3"
        ],
        [
            "Node_0",
            "Node_9"
        ],
        [
            "Node_1",
            "Node_4"
        ],
        [
            "Node_3",
            "Node_6"
        ],
        [
            "Node_3",
            "Node_9"
        ],
        [
            "Node_1",
            "Node_0"
        ],
        [
            "Node_7",
            "Node_4"
        ],
        [
            "Node_3",
            "Node_2"
        ],
        [
            "Node_6",
            "Node_3"
        ],
        [
            "Node_9",
            "Node_7"
        ],
        [
            "Node_5",
            "Node_2"
        ],
        [
            "Node_4",
            "Node_5"
        ],
        [
            "Node_0",
            "Node_8"
        ],
        [
            "Node_6",
            "Node_4"
        ]
    ],
    "capacities": [
        775.4958199063241,
        306.1090198326212,
        759.5858163993302,
        408.45557390171354,
        285.2356917066915,
        148.6665831205908,
        925.9103573747383,
        989.5386488996762,
        821.3066266373905,
        726.6502436068057,
        300.1996490899985,
        885.4352045307853,
        569.3247347285844,
        265.19092618021955,
        666.804261546123,
        158.15519230723424,
        542.4780604465784,
        958.2950709254958,
        146.89617582358608,
        992.8113119853944
    ],
    "costs": [
        9.444470739647597,
        2.13004899640258,
        2.56308242182192,
        5.9396239033415,
        8.157097834246711,
        2.839359984746509,
        5.566820939656202,
        4.836158346570297,
        5.20366822781538,
        2.4774293042351587,
        2.7778263554299216,
        4.816150975137349,
        6.452661113744414,
        3.727906365455508,
        6.1877964737597155,
        9.709532296064749,
        2.8126090425755605,
        8.761829741534592,
        5.33053636342394,
        9.559118730969702
    ],
    "demand": [
        -28.083612921469708,
        -24.45650224720532,
        -5.857303080892478,
        -15.460548542004005,
        21.878844104600105,
        -13.313901781552346,
        -68.82430639922052,
        90.75150459044963,
        -3.599855274243552,
        52.385859759776736
    ],
    "renewable_supply": [
        21.369864364729153,
        4.161642774514224,
        45.32285180744994,
        15.011577529901027,
        26.85988402098369,
        27.642606842014278,
        8.784965894107415,
        19.02251186357857,
        15.292364155353273,
        14.161287387887716
    ]
}