{
    "logistics_and_supply_chain": "In logistics and supply chain management, the Capacitated Facility Location Problem (CFLP) can be applied to determine the optimal locations for warehouses or distribution centers. The objective is to minimize the total cost, which includes the fixed costs of opening facilities and the variable costs of transporting goods from facilities to customers. Variables include the binary decision of whether to open a facility at a particular location and the amount of goods transported from each facility to each customer. Constraints ensure that the demand of each customer is met and that the capacity of each facility is not exceeded.",
    "healthcare_services": "In healthcare services, CFLP can be used to decide the locations of hospitals or clinics to ensure optimal coverage of patient demand. The objective is to minimize the total operational and transportation costs while ensuring that each patient's demand for healthcare services is met. Variables include the decision to open a healthcare facility at a specific location and the number of patients served by each facility. Constraints include the capacity of each healthcare facility and the requirement to meet patient demand.",
    "emergency_services": "For emergency services, CFLP can help in determining the best locations for fire stations, police stations, or emergency medical services to ensure quick response times. The objective is to minimize the total cost of establishing and operating these facilities while ensuring that response times to emergencies are within acceptable limits. Variables include the decision to open an emergency service facility at a particular location and the allocation of emergency resources to different areas. Constraints include the capacity of each facility and the requirement to cover all areas within a specified response time.",
    "telecommunications": "In telecommunications, CFLP can be applied to determine the optimal locations for setting up communication towers or data centers to ensure efficient network coverage and data processing. The objective is to minimize the total cost of setting up and operating these facilities while meeting the demand for network services. Variables include the decision to establish a facility at a specific location and the allocation of network resources to different areas. Constraints include the capacity of each facility and the requirement to meet the demand for network services.",
    "retail_networks": "In retail networks, CFLP can be used to decide the locations of retail stores or distribution centers to maximize market coverage and minimize costs. The objective is to minimize the total cost of opening and operating these stores while ensuring that customer demand is met. Variables include the decision to open a retail store at a specific location and the allocation of products to different stores. Constraints include the capacity of each store and the requirement to meet customer demand.",
    "waste_management": "In waste management, CFLP can help in determining the optimal locations for waste processing facilities or recycling centers to minimize transportation and operational costs. The objective is to minimize the total cost of setting up and operating these facilities while ensuring that waste collection and processing demands are met. Variables include the decision to open a waste processing facility at a specific location and the allocation of waste to different facilities. Constraints include the capacity of each facility and the requirement to process all collected waste."
}