{
    "petroleum_refining": "In petroleum refining, the blending problem can be applied to determine the optimal mix of crude oils to produce various grades of gasoline, diesel, and other products. The objective is to minimize cost or maximize profit while meeting quality specifications and production constraints.",
    "food_processing": "In food processing, the blending problem can be used to mix different ingredients to produce food products like cereals, beverages, or dairy products. The objective is to minimize cost while ensuring nutritional content, taste, and other quality standards are met.",
    "chemical_manufacturing": "In chemical manufacturing, the blending problem can be applied to mix raw chemicals to produce desired compounds or solutions. The objective is to minimize production cost while meeting chemical composition and safety standards.",
    "cement_production": "In cement production, the blending problem can be used to determine the optimal mix of raw materials like limestone, clay, and gypsum to produce cement. The objective is to minimize cost while meeting strength and quality specifications.",
    "pharmaceuticals": "In pharmaceuticals, the blending problem can be applied to mix active ingredients and excipients to produce medications. The objective is to minimize cost while ensuring the correct dosage, stability, and efficacy of the final product.",
    "cosmetics": "In cosmetics, the blending problem can be used to mix various ingredients to produce skincare, haircare, and makeup products. The objective is to minimize cost while meeting regulatory standards and consumer preferences for texture, scent, and effectiveness.",
    "animal_feed": "In animal feed production, the blending problem can be applied to mix different feed ingredients to create balanced diets for livestock. The objective is to minimize cost while meeting nutritional requirements and ensuring palatability.",
    "metal_alloy_production": "In metal alloy production, the blending problem can be used to determine the optimal mix of base metals and additives to produce alloys with desired properties. The objective is to minimize cost while meeting mechanical and chemical property specifications.",
    "textile_dyeing": "In textile dyeing, the blending problem can be applied to mix different dyes to achieve desired colors and shades on fabrics. The objective is to minimize cost while ensuring colorfastness and meeting environmental regulations.",
    "fertilizer_production": "In fertilizer production, the blending problem can be used to mix various raw materials to produce fertilizers with specific nutrient compositions. The objective is to minimize cost while meeting agricultural standards and ensuring the effectiveness of the fertilizer."
}