{
    "nodes": [
        "node_0",
        "node_1",
        "node_2",
        "node_3",
        "node_4",
        "node_5",
        "node_6",
        "node_7"
    ],
    "edges": [
        {
            "from": "node_6",
            "to": "node_5",
            "capacity": 416.99,
            "cost": [
                5.88,
                5.71,
                7.89,
                2.02
            ]
        },
        {
            "from": "node_2",
            "to": "node_7",
            "capacity": 485.55,
            "cost": [
                2.59,
                6.35,
                5.88,
                4.43
            ]
        },
        {
            "from": "node_6",
            "to": "node_4",
            "capacity": 731.88,
            "cost": [
                9.44,
                9.15,
                1.89,
                1.79
            ]
        },
        {
            "from": "node_1",
            "to": "node_0",
            "capacity": 654.63,
            "cost": [
                4.7,
                5.47,
                7.77,
                9.35
            ]
        },
        {
            "from": "node_1",
            "to": "node_7",
            "capacity": 553.03,
            "cost": [
                8.25,
                7.01,
                8.67,
                2.91
            ]
        },
        {
            "from": "node_7",
            "to": "node_6",
            "capacity": 203.05,
            "cost": [
                8.71,
                9.55,
                4.16,
                8.14
            ]
        },
        {
            "from": "node_7",
            "to": "node_6",
            "capacity": 917.19,
            "cost": [
                6.8,
                8.06,
                4.56,
                9.46
            ]
        },
        {
            "from": "node_3",
            "to": "node_4",
            "capacity": 340.85,
            "cost": [
                6.93,
                3.77,
                9.12,
                9.18
            ]
        },
        {
            "from": "node_3",
            "to": "node_0",
            "capacity": 910.17,
            "cost": [
                4.73,
                1.14,
                2.38,
                4.37
            ]
        },
        {
            "from": "node_5",
            "to": "node_2",
            "capacity": 963.24,
            "cost": [
                9.94,
                3.18,
                9.76,
                2.73
            ]
        },
        {
            "from": "node_6",
            "to": "node_0",
            "capacity": 821.2,
            "cost": [
                6.2,
                2.16,
                6.73,
                9.8
            ]
        },
        {
            "from": "node_2",
            "to": "node_6",
            "capacity": 913.75,
            "cost": [
                5.66,
                4.94,
                1.9,
                8.21
            ]
        },
        {
            "from": "node_1",
            "to": "node_6",
            "capacity": 858.73,
            "cost": [
                6.65,
                3.34,
                5.98,
                9.54
            ]
        },
        {
            "from": "node_3",
            "to": "node_1",
            "capacity": 183.94,
            "cost": [
                4.94,
                6.66,
                6.34,
                1.25
            ]
        },
        {
            "from": "node_1",
            "to": "node_6",
            "capacity": 122.76,
            "cost": [
                7.61,
                9.85,
                6.71,
                8.0
            ]
        },
        {
            "from": "node_2",
            "to": "node_3",
            "capacity": 687.27,
            "cost": [
                3.0,
                2.74,
                8.56,
                7.54
            ]
        },
        {
            "from": "node_6",
            "to": "node_4",
            "capacity": 693.33,
            "cost": [
                3.47,
                9.41,
                6.65,
                6.75
            ]
        },
        {
            "from": "node_1",
            "to": "node_7",
            "capacity": 934.48,
            "cost": [
                2.1,
                2.28,
                3.36,
                2.63
            ]
        },
        {
            "from": "node_1",
            "to": "node_7",
            "capacity": 860.16,
            "cost": [
                9.21,
                2.87,
                1.91,
                8.16
            ]
        },
        {
            "from": "node_6",
            "to": "node_1",
            "capacity": 537.87,
            "cost": [
                6.63,
                2.89,
                4.78,
                9.01
            ]
        }
    ],
    "demand": [
        [
            13.36,
            -4.91,
            -33.89,
            -20.12
        ],
        [
            40.36,
            15.97,
            13.12,
            35.48
        ],
        [
            -38.28,
            -15.72,
            -15.32,
            49.49
        ],
        [
            10.0,
            -49.5,
            2.17,
            -24.55
        ],
        [
            -37.84,
            10.61,
            3.6,
            1.8
        ],
        [
            26.1,
            -28.37,
            -13.51,
            39.86
        ],
        [
            -47.05,
            -36.14,
            -41.66,
            19.16
        ],
        [
            -37.34,
            -22.63,
            -30.08,
            -40.8
        ]
    ],
    "time_periods": [
        "t_0",
        "t_1",
        "t_2",
        "t_3"
    ]
}