{
    "Diet Problem": "Objective: Minimize the cost of a diet meeting certain nutritional requirements. Variables: Amount of each food to include in the diet. Constraints: Nutritional requirements (e.g., minimum and maximum daily intake of vitamins, proteins, fats, etc.).",
    "Transportation Problem": "Objective: Minimize the cost of transporting goods from several suppliers to several consumers. Variables: Quantity of goods transported from each supplier to each consumer. Constraints: Supply at each supplier and demand at each consumer.",
    "Blending Problem": "Objective: Minimize the cost of producing a blended product (like gasoline or coffee blend) that meets certain quality standards. Variables: Amount of each input material used in the blend. Constraints: Quality and quantity constraints on the blend.",
    "Production Planning Problem": "Objective: Maximize profit from producing various products. Variables: Quantity of each product to produce. Constraints: Resource availability (like materials, labor, and machinery), demand limits.",
    "Network Flow Problem": "Objective: Maximize the flow through a network. Variables: Flow on each arc of the network. Constraints: Flow conservation at each node, capacity limits on each arc.",
    "Portfolio Optimization Problem": "Objective: Maximize the return or minimize the risk of a financial portfolio. Variables: Proportion of the total investment allocated to each asset. Constraints: Budget constraints, risk tolerance, minimum or maximum investment levels for certain assets.",
    "Cutting Stock Problem": "Objective: Minimize waste in cutting raw materials into smaller sizes. Variables: Number and pattern of cuts. Constraints: Demand for each size, limitations of raw material size.",
    "Staff Scheduling Problem": "Objective: Minimize the total staffing cost while covering all shifts adequately. Variables: Number of staff working each shift. Constraints: Minimum and maximum staff requirements for each shift, labor regulations."
  }