{
    "nurses": [
        "Nurse_0",
        "Nurse_1",
        "Nurse_2",
        "Nurse_3",
        "Nurse_4",
        "Nurse_5",
        "Nurse_6",
        "Nurse_7",
        "Nurse_8",
        "Nurse_9"
    ],
    "shifts": [
        "Shift_0",
        "Shift_1",
        "Shift_2",
        "Shift_3",
        "Shift_4",
        "Shift_5",
        "Shift_6",
        "Shift_7",
        "Shift_8",
        "Shift_9",
        "Shift_10",
        "Shift_11"
    ],
    "shift_requirements": [
        10,
        9,
        10,
        9,
        4,
        1,
        7,
        6,
        1,
        4,
        2,
        3
    ],
    "max_hours": [
        31.85,
        43.91,
        31.0,
        31.59,
        48.64,
        39.06,
        35.86,
        47.17,
        35.57,
        48.32
    ],
    "shift_hours": [
        5.83,
        6.49,
        8.16,
        5.85,
        4.74,
        4.42,
        9.24,
        10.27,
        11.63,
        11.53,
        5.41,
        8.38
    ],
    "overlap_hours": [
        2.88,
        2.79,
        1.47,
        2.62,
        1.39,
        2.43,
        1.13,
        1.2,
        2.63,
        1.36,
        1.25
    ]
}