{
    "large_sheet_width": 4069.25,
    "large_sheet_height": 1590.53,
    "small_panes": [
        [
            341.1,
            209.83
        ],
        [
            77.44,
            463.11
        ],
        [
            432.28,
            90.5
        ],
        [
            491.53,
            81.07
        ],
        [
            88.12,
            401.38
        ],
        [
            414.1,
            204.21
        ],
        [
            276.56,
            264.59
        ],
        [
            335.67,
            90.7
        ],
        [
            249.7,
            169.49
        ],
        [
            331.88,
            202.47
        ],
        [
            378.27,
            62.15
        ],
        [
            350.03,
            379.13
        ],
        [
            257.21,
            62.82
        ],
        [
            160.21,
            380.34
        ],
        [
            57.33,
            409.1
        ],
        [
            111.47,
            415.55
        ],
        [
            476.0,
            216.74
        ],
        [
            302.8,
            178.15
        ],
        [
            298.95,
            244.44
        ],
        [
            488.74,
            255.0
        ]
    ],
    "demand": [
        56,
        83,
        6,
        44,
        18,
        54,
        74,
        30,
        48,
        74,
        82,
        92,
        19,
        39,
        4,
        88,
        46,
        48,
        79,
        45
    ],
    "aspect_ratios": [
        [
            0.13,
            0.83
        ],
        [
            0.29,
            1.28
        ],
        [
            0.24,
            1.43
        ],
        [
            0.32,
            1.35
        ],
        [
            0.49,
            1.31
        ],
        [
            0.45,
            1.49
        ],
        [
            0.1,
            1.44
        ],
        [
            0.37,
            1.31
        ],
        [
            0.32,
            0.96
        ],
        [
            0.24,
            0.97
        ],
        [
            0.36,
            0.74
        ],
        [
            0.1,
            1.31
        ],
        [
            0.47,
            1.23
        ],
        [
            0.43,
            1.09
        ],
        [
            0.11,
            0.87
        ],
        [
            0.13,
            0.83
        ],
        [
            0.36,
            0.61
        ],
        [
            0.18,
            0.99
        ],
        [
            0.34,
            1.21
        ],
        [
            0.11,
            1.23
        ]
    ]
}