{
    "facility_costs": [
        72.1001097541,
        68.2028658658,
        53.7433360078
    ],
    "operating_costs": [
        [
            26.7558364763,
            64.1320836781
        ],
        [
            11.2440621422,
            43.5330485418
        ],
        [
            45.4269982623,
            95.3862111594
        ]
    ],
    "demand": [
        [
            87.5977087438,
            26.41256617,
            50.1085526937,
            17.947322865
        ],
        [
            91.2715211505,
            87.0648051267,
            29.9146346657,
            63.9310545371
        ]
    ],
    "capacity": [
        [
            60.9361241227,
            15.3686429281
        ],
        [
            76.2748289275,
            53.983965109
        ],
        [
            77.8847852152,
            53.0823318523
        ]
    ],
    "response_time": [
        [
            [
                0.1571324232,
                32.4831900948
            ],
            [
                2.0457265643,
                92.9169517648
            ],
            [
                87.8843155945,
                83.1833863832
            ],
            [
                30.8206611277,
                5.8867241328
            ]
        ],
        [
            [
                87.8131589605,
                94.7002495853
            ],
            [
                8.6567798616,
                48.6504472853
            ],
            [
                7.014330595,
                76.0841563092
            ],
            [
                76.6068594878,
                12.9263073035
            ]
        ],
        [
            [
                47.5807095721,
                55.0253789901
            ],
            [
                26.5791572311,
                87.2560608044
            ],
            [
                42.3714802261,
                21.2586407237
            ],
            [
                53.9756792691,
                73.0201138021
            ]
        ]
    ],
    "max_response_time": [
        20.1949912326,
        31.240457501
    ]
}