{
    "num_vehicles": 2,
    "vehicle_capacity": 100.0,
    "pickup_demands": [
        7.5212624108,
        2.7143345659,
        3.4161542907
    ],
    "delivery_demands": [
        7.0630472857,
        6.4262984049,
        8.8625841264
    ],
    "travel_times": [
        [
            0.0,
            7.8552677578,
            7.5187471587,
            6.0296542865,
            5.3145478582,
            8.8252646637,
            3.9966787974
        ],
        [
            9.6131778447,
            0.0,
            9.4344378688,
            9.658698005,
            2.055845795,
            9.9961480632,
            5.3102878871
        ],
        [
            3.1833386366,
            6.4396138067,
            0.0,
            9.2361381363,
            5.9687136329,
            7.9796249386,
            4.4259556994
        ],
        [
            5.8028511467,
            4.233336,
            3.3540546465,
            0.0,
            5.4754956379,
            1.8874740841,
            9.8318661116
        ],
        [
            5.2254137982,
            8.5575806341,
            9.2289744901,
            4.3363442929,
            0.0,
            6.0627225472,
            2.9914668848
        ],
        [
            2.3133044179,
            3.3469669892,
            9.4128242527,
            6.2122863343,
            4.758202662,
            0.0,
            3.9687875738
        ],
        [
            4.4185579727,
            8.5002644376,
            5.4937133413,
            6.8914716951,
            7.1636195111,
            3.3159408187,
            0.0
        ]
    ]
}