{
    "nodes": [
        "Node_0",
        "Node_1",
        "Node_2",
        "Node_3",
        "Node_4",
        "Node_5",
        "Node_6",
        "Node_7",
        "Node_8",
        "Node_9"
    ],
    "edges": [
        [
            "Node_4",
            "Node_3"
        ],
        [
            "Node_7",
            "Node_2"
        ],
        [
            "Node_7",
            "Node_9"
        ],
        [
            "Node_1",
            "Node_8"
        ],
        [
            "Node_6",
            "Node_1"
        ],
        [
            "Node_9",
            "Node_4"
        ],
        [
            "Node_4",
            "Node_9"
        ],
        [
            "Node_0",
            "Node_1"
        ],
        [
            "Node_4",
            "Node_5"
        ],
        [
            "Node_6",
            "Node_4"
        ],
        [
            "Node_8",
            "Node_6"
        ],
        [
            "Node_4",
            "Node_7"
        ],
        [
            "Node_5",
            "Node_2"
        ],
        [
            "Node_7",
            "Node_4"
        ],
        [
            "Node_8",
            "Node_1"
        ],
        [
            "Node_5",
            "Node_9"
        ],
        [
            "Node_1",
            "Node_0"
        ],
        [
            "Node_0",
            "Node_8"
        ],
        [
            "Node_3",
            "Node_2"
        ],
        [
            "Node_2",
            "Node_6"
        ]
    ],
    "capacities": [
        79142.30893017557,
        982204.0016461075,
        260058.35511344796,
        673735.3536503338,
        434365.1216986896,
        18897.303892979173,
        395538.90914888366,
        14291.295309093677,
        656145.1709914412,
        460702.8542840065,
        405686.5060546378,
        658059.3764769882,
        744502.5832301792,
        726185.493433742,
        303497.18198836496,
        813319.3471129831,
        617128.0816150311,
        690971.629903684,
        963178.4687906731,
        675427.1866947579
    ],
    "latencies": [
        804836.0942256004,
        88547.4954915374,
        135978.83324967354,
        191611.28116995527,
        816152.254811446,
        696336.4094909269,
        189032.88228923836,
        27788.481481524108,
        481636.0765693679,
        146009.03624363302,
        242538.43704128772,
        842247.6201238713,
        858331.1683850103,
        539043.9524853493,
        87007.45365483273,
        769951.4252540627,
        149017.48109992663,
        422457.34541710466,
        117342.36073448787,
        902512.9209776954
    ],
    "source": "Node_7",
    "sink": "Node_0",
    "max_latency": 859936.6489951815,
    "min_throughput": 585641.0431145654
}