{
    "num_staff": 20,
    "num_shifts": 8,
    "shift_durations": [
        3.83,
        5.01,
        6.78,
        4.53,
        7.14,
        2.71,
        1.56,
        2.29
    ],
    "availability": [
        [
            3.52,
            3.69,
            2.1,
            0.13,
            6.54,
            2.81,
            5.22,
            6.55
        ],
        [
            7.02,
            0.68,
            5.61,
            6.41,
            4.16,
            2.51,
            3.5,
            7.01
        ],
        [
            0.08,
            4.67,
            5.12,
            7.92,
            1.07,
            7.76,
            3.75,
            6.58
        ],
        [
            2.6,
            6.06,
            0.74,
            3.01,
            2.15,
            4.67,
            1.29,
            6.16
        ],
        [
            5.11,
            3.54,
            3.92,
            6.05,
            6.43,
            0.34,
            4.66,
            1.34
        ],
        [
            6.67,
            1.25,
            1.51,
            2.14,
            1.25,
            3.97,
            5.32,
            6.36
        ],
        [
            5.63,
            3.96,
            0.66,
            5.08,
            2.55,
            3.65,
            4.33,
            3.62
        ],
        [
            3.87,
            1.13,
            3.67,
            3.37,
            3.0,
            5.99,
            0.44,
            5.43
        ],
        [
            3.24,
            6.32,
            2.32,
            0.85,
            3.31,
            5.38,
            3.78,
            5.55
        ],
        [
            6.87,
            7.58,
            2.13,
            2.98,
            5.64,
            4.93,
            6.78,
            2.62
        ],
        [
            2.43,
            0.38,
            1.76,
            7.3,
            1.78,
            4.61,
            0.14,
            1.78
        ],
        [
            1.6,
            6.87,
            1.91,
            0.3,
            4.42,
            0.84,
            0.41,
            7.16
        ],
        [
            3.21,
            6.37,
            1.74,
            1.55,
            5.1,
            6.18,
            0.53,
            7.26
        ],
        [
            5.19,
            4.16,
            7.19,
            5.58,
            0.62,
            0.22,
            4.48,
            7.55
        ],
        [
            0.85,
            1.6,
            7.75,
            0.54,
            2.91,
            3.12,
            7.32,
            5.71
        ],
        [
            1.69,
            0.43,
            7.94,
            1.9,
            3.56,
            7.25,
            4.61,
            6.46
        ],
        [
            4.16,
            2.18,
            3.51,
            3.8,
            0.29,
            5.9,
            5.93,
            1.89
        ],
        [
            5.89,
            2.45,
            4.35,
            1.53,
            4.85,
            7.58,
            1.18,
            3.88
        ],
        [
            4.23,
            7.89,
            7.08,
            4.89,
            6.07,
            6.08,
            5.38,
            7.02
        ],
        [
            7.26,
            2.05,
            0.98,
            5.84,
            2.93,
            5.88,
            6.45,
            6.1
        ]
    ],
    "room_cleaning_time": 1.12,
    "num_rooms": 170
}