{
    "paper_roll_cutting": "In the paper manufacturing industry, large rolls of paper need to be cut into smaller rolls of various widths to meet customer demands. The objective is to minimize the waste of paper while fulfilling the order requirements. Variables include the widths of the smaller rolls and the lengths of the cuts, while constraints ensure that the total width of the cuts does not exceed the width of the large roll.",
    "metal_sheet_cutting": "In metal fabrication, large sheets of metal are cut into smaller pieces for various applications. The goal is to minimize the leftover metal. Variables include the dimensions of the smaller pieces and the cutting patterns, with constraints ensuring that the total area of the cuts does not exceed the area of the large sheet.",
    "fabric_cutting": "In the textile industry, large rolls of fabric are cut into smaller pieces for clothing or other products. The objective is to minimize fabric waste. Variables include the dimensions of the smaller pieces and the cutting patterns, with constraints ensuring that the total area of the cuts does not exceed the area of the large roll.",
    "glass_cutting": "In glass manufacturing, large sheets of glass are cut into smaller panes for windows, mirrors, and other products. The goal is to minimize glass waste. Variables include the dimensions of the smaller panes and the cutting patterns, with constraints ensuring that the total area of the cuts does not exceed the area of the large sheet.",
    "wood_panel_cutting": "In woodworking, large panels of wood are cut into smaller pieces for furniture or construction. The objective is to minimize wood waste. Variables include the dimensions of the smaller pieces and the cutting patterns, with constraints ensuring that the total area of the cuts does not exceed the area of the large panel.",
    "leather_cutting": "In the leather industry, large hides are cut into smaller pieces for shoes, bags, and other products. The goal is to minimize leather waste. Variables include the dimensions of the smaller pieces and the cutting patterns, with constraints ensuring that the total area of the cuts does not exceed the area of the large hide.",
    "plastic_sheet_cutting": "In plastic manufacturing, large sheets of plastic are cut into smaller pieces for packaging, containers, and other products. The objective is to minimize plastic waste. Variables include the dimensions of the smaller pieces and the cutting patterns, with constraints ensuring that the total area of the cuts does not exceed the area of the large sheet.",
    "carpet_cutting": "In the carpet industry, large rolls of carpet are cut into smaller pieces for rooms of various sizes. The goal is to minimize carpet waste. Variables include the dimensions of the smaller pieces and the cutting patterns, with constraints ensuring that the total area of the cuts does not exceed the area of the large roll.",
    "foil_cutting": "In the packaging industry, large rolls of foil are cut into smaller pieces for wrapping and packaging. The objective is to minimize foil waste. Variables include the dimensions of the smaller pieces and the cutting patterns, with constraints ensuring that the total area of the cuts does not exceed the area of the large roll.",
    "rubber_sheet_cutting": "In rubber manufacturing, large sheets of rubber are cut into smaller pieces for tires, seals, and other products. The goal is to minimize rubber waste. Variables include the dimensions of the smaller pieces and the cutting patterns, with constraints ensuring that the total area of the cuts does not exceed the area of the large sheet."
}