{
    "employees": [
        "Employee_0",
        "Employee_1",
        "Employee_2",
        "Employee_3",
        "Employee_4"
    ],
    "shifts": [
        "Shift_0",
        "Shift_1",
        "Shift_2"
    ],
    "costs": [
        [
            67.5484118612,
            12.25096797,
            34.7526386532
        ],
        [
            30.0889664334,
            76.2824092748,
            70.9029538681
        ],
        [
            90.2961610934,
            17.8244949366,
            47.9729637717
        ],
        [
            12.6817497494,
            29.6774177323,
            55.4819759293
        ],
        [
            12.3882372715,
            27.8953885618,
            68.4895994002
        ]
    ],
    "shift_requirements": [
        5,
        4,
        2
    ],
    "preferences": [
        [
            4.4920904628,
            2.7819070823,
            8.6930032079
        ],
        [
            7.5880736713,
            1.5965931638,
            4.2261439815
        ],
        [
            2.7787134167,
            2.1531376211,
            7.6349412901
        ],
        [
            1.0221027652,
            3.7992730064,
            3.5897938048
        ],
        [
            3.4395572248,
            2.6452086722,
            0.4345044292
        ]
    ],
    "skills": [
        [
            1,
            0,
            1
        ],
        [
            0,
            1,
            1
        ],
        [
            0,
            0,
            0
        ],
        [
            0,
            1,
            0
        ],
        [
            0,
            0,
            1
        ]
    ]
}