{
    "shift_requirements": [
        7.1,
        1.71,
        2.47,
        4.42,
        2.97,
        4.8
    ],
    "availability": [
        [
            0.83,
            0.98,
            0.32,
            0.47,
            0.55,
            0.98
        ],
        [
            0.38,
            0.19,
            0.45,
            0.89,
            0.55,
            0.31
        ],
        [
            0.59,
            0.73,
            0.17,
            0.58,
            0.05,
            0.86
        ],
        [
            0.29,
            0.04,
            0.82,
            0.43,
            0.28,
            0.05
        ],
        [
            0.45,
            0.68,
            0.83,
            0.4,
            0.53,
            0.93
        ],
        [
            0.91,
            0.74,
            0.5,
            0.51,
            0.92,
            0.08
        ],
        [
            0.83,
            0.64,
            0.88,
            0.89,
            0.59,
            0.83
        ],
        [
            0.1,
            0.19,
            0.52,
            0.97,
            0.17,
            0.55
        ],
        [
            0.73,
            0.49,
            0.73,
            0.61,
            0.23,
            0.43
        ],
        [
            0.83,
            0.87,
            0.54,
            0.88,
            0.85,
            0.18
        ],
        [
            0.68,
            0.32,
            0.03,
            0.23,
            0.75,
            0.96
        ],
        [
            0.02,
            0.79,
            0.59,
            0.72,
            0.43,
            0.68
        ]
    ],
    "wages": [
        49.78,
        28.14,
        38.0,
        26.11,
        47.53,
        19.44,
        26.2,
        41.2,
        15.86,
        41.7,
        24.6,
        10.09
    ],
    "overtime_threshold": [
        30.81,
        21.69,
        36.81,
        23.61,
        32.58,
        26.56,
        23.18,
        39.84,
        33.57,
        33.19,
        20.3,
        26.7
    ],
    "overtime_wages": [
        59.5,
        57.17,
        45.9,
        33.22,
        21.77,
        18.28,
        44.31,
        57.17,
        18.27,
        40.68,
        29.73,
        32.91
    ]
}