{
    "teachers": [
        "Teacher_0",
        "Teacher_1",
        "Teacher_2"
    ],
    "classes": [
        "Class_0",
        "Class_1",
        "Class_2",
        "Class_3"
    ],
    "time_slots": [
        "Slot_0",
        "Slot_1",
        "Slot_2",
        "Slot_3",
        "Slot_4"
    ],
    "availability": [
        [
            false,
            false,
            true,
            true,
            true
        ],
        [
            false,
            false,
            false,
            false,
            false
        ],
        [
            true,
            true,
            true,
            false,
            false
        ]
    ],
    "preferences": [
        [
            [
                0.8005925109,
                0.1092690322,
                0.1915900721,
                0.5362857539,
                0.1401822971
            ],
            [
                0.1834880358,
                0.4626280684,
                0.8744859541,
                0.0753848884,
                0.8080222447
            ],
            [
                0.8559668925,
                0.0979087282,
                0.652144894,
                0.5405879381,
                0.0147578565
            ],
            [
                0.0932627762,
                0.753565504,
                0.2363794905,
                0.406414058,
                0.481358418
            ]
        ],
        [
            [
                0.864650394,
                0.9024428655,
                0.1646371214,
                0.0021553784,
                0.3904217576
            ],
            [
                0.9265180736,
                0.7851293568,
                0.2852492289,
                0.6965915036,
                0.7305053174
            ],
            [
                0.7833615285,
                0.661871312,
                0.4866714117,
                0.1898978673,
                0.2177008984
            ],
            [
                0.058483292,
                0.7357371788,
                0.0609575715,
                0.3136048098,
                0.0501423373
            ]
        ],
        [
            [
                0.4767885171,
                0.9193871308,
                0.5311261353,
                0.0568795797,
                0.507828497
            ],
            [
                0.8513425453,
                0.0685213327,
                0.0679608634,
                0.861819202,
                0.4037755513
            ],
            [
                0.9415961272,
                0.5696754101,
                0.5789190575,
                0.0397416623,
                0.0819834055
            ],
            [
                0.6573731645,
                0.5652269238,
                0.316369846,
                0.2607656956,
                0.6697259748
            ]
        ]
    ],
    "max_classes": [
        3,
        2,
        3
    ],
    "min_classes": [
        3,
        0,
        2
    ]
}