{
    "num_stops": 5,
    "num_vehicles": 2,
    "vehicle_capacities": [
        18.1018593692,
        11.150852667
    ],
    "vehicle_costs": [
        9.2459000402,
        8.2398495864
    ],
    "demand": [
        0,
        3.7085573316,
        1.6574163714,
        4.9356018824,
        1.9756517862
    ],
    "travel_time": [
        [
            0,
            2.5700790954,
            2.4412214009,
            6.0386405724,
            9.6261635956
        ],
        [
            3.0866999267,
            0,
            4.6454269265,
            2.6600659764,
            6.7643098899
        ],
        [
            4.8892100719,
            1.2627304691,
            0,
            6.5269624363,
            2.775919922
        ],
        [
            6.3298284252,
            4.4995220232,
            7.3426205436,
            0,
            2.8520603143
        ],
        [
            7.7709294582,
            8.2785680977,
            1.5630737632,
            1.9157684385,
            0
        ]
    ]
}