{
    "num_stops": 5,
    "num_vehicles": 2,
    "vehicle_capacity": 55.4740000609,
    "demand": [
        0,
        40.8044175083,
        2.6261904013,
        35.3914287345,
        9.306426046
    ],
    "travel_time": [
        [
            0,
            59.8043797794,
            32.4430330572,
            38.5237917396,
            29.1847351296
        ],
        [
            38.7799559378,
            0,
            8.4699516929,
            90.1136044856,
            90.5207574313
        ],
        [
            97.8173064014,
            57.196043075,
            0,
            16.9582923392,
            38.0732023489
        ],
        [
            13.8840058959,
            30.1131265375,
            49.3123942211,
            0,
            6.3267150277
        ],
        [
            43.4676269263,
            42.1102339773,
            48.4231313934,
            7.6921361395,
            0
        ]
    ]
}