{
    "incident_locations": [
        63.9102687905,
        88.6653515218,
        44.6629934098,
        26.5212440563,
        24.9540863135
    ],
    "vehicle_availability": [
        true,
        false
    ],
    "travel_times": [
        [
            25.6657941543,
            10.8034601215,
            0.1281157495,
            38.5937097953,
            73.2584494499,
            96.9101825106
        ],
        [
            88.4551997587,
            49.3081993474,
            37.8712574774,
            54.6023967678,
            10.1428559637,
            47.9489250397
        ],
        [
            86.4050720469,
            65.0969563113,
            68.7160404217,
            16.2656511748,
            7.3709389561,
            84.5762484025
        ],
        [
            29.4908613116,
            31.8716907957,
            95.1662131434,
            7.4200401767,
            17.0105203151,
            37.545788408
        ],
        [
            73.1985085271,
            54.7046258612,
            89.812417312,
            9.3104685381,
            59.4030544052,
            61.3644725779
        ],
        [
            48.2736786488,
            3.0993204052,
            94.2442258102,
            16.4997194762,
            88.9753270404,
            15.7103777331
        ]
    ],
    "response_time_targets": [
        10.1257810973,
        20.5550476718,
        18.9984257588,
        69.7196703807,
        72.2038104576
    ],
    "incident_priorities": [
        5,
        3,
        3,
        3,
        2
    ],
    "vehicle_capacities": [
        2,
        1
    ],
    "incident_demands": [
        2,
        3,
        3,
        2,
        1
    ]
}