{
    "nodes": [
        "Node_0",
        "Node_1",
        "Node_2",
        "Node_3",
        "Node_4",
        "Node_5",
        "Node_6",
        "Node_7",
        "Node_8"
    ],
    "edges": [
        [
            "Node_0",
            "Node_5"
        ],
        [
            "Node_5",
            "Node_4"
        ],
        [
            "Node_0",
            "Node_8"
        ],
        [
            "Node_4",
            "Node_7"
        ],
        [
            "Node_1",
            "Node_7"
        ],
        [
            "Node_7",
            "Node_8"
        ],
        [
            "Node_5",
            "Node_6"
        ],
        [
            "Node_5",
            "Node_7"
        ],
        [
            "Node_1",
            "Node_8"
        ],
        [
            "Node_1",
            "Node_6"
        ],
        [
            "Node_6",
            "Node_7"
        ],
        [
            "Node_3",
            "Node_7"
        ],
        [
            "Node_1",
            "Node_2"
        ],
        [
            "Node_4",
            "Node_0"
        ],
        [
            "Node_6",
            "Node_5"
        ],
        [
            "Node_2",
            "Node_4"
        ]
    ],
    "capacities": [
        325.06916526051174,
        914.8776041284932,
        468.7454527595997,
        879.2465071774982,
        304.4352481591119,
        775.4821274794532,
        177.14472063912507,
        64.6727784584424,
        701.9395723056983,
        587.9371336593515,
        740.4606835557654,
        29.18649835531037,
        111.08266535069698,
        153.96698947274868,
        164.36903556336713,
        672.6268997505259
    ],
    "costs": [
        6.623220401774889,
        8.817408293684425,
        4.17025918381077,
        4.269737928686478,
        2.198854766909362,
        3.185832554897833,
        1.0619735491484767,
        4.256998848962276,
        1.803549199817832,
        2.979819264819137,
        6.295252691581458,
        4.9674745821624455,
        2.567014047868748,
        9.191676371759113,
        3.7081143295271324,
        9.39180065562833
    ],
    "demand": [
        -68.31768908435905,
        -19.072774992337344,
        -85.69916053199695,
        47.58382297727951,
        44.55531377384864,
        -47.46005118456551,
        -47.71437167289794,
        -22.130684913200653,
        95.21315200814641
    ]
}