{
    "fixed_costs": [
        [
            5.5366139819,
            23.5619292895,
            29.6494083966
        ],
        [
            8.8994057154,
            24.0462977497,
            10.9991415116
        ]
    ],
    "transport_costs": [
        [
            [
                28.5193867079,
                63.9327599822,
                37.118385718,
                37.6479157446
            ],
            [
                21.7411960464,
                27.4308043829,
                93.7288041835,
                65.1555031394
            ],
            [
                61.303969561,
                17.9427261716,
                73.1835529971,
                17.1768468824
            ]
        ],
        [
            [
                38.566088734,
                98.962811713,
                64.3599762256,
                56.1380246337
            ],
            [
                68.776810848,
                84.4423400988,
                77.8239912431,
                23.6757591244
            ],
            [
                4.1779241465,
                32.2298517578,
                27.5063467216,
                21.887301515
            ]
        ]
    ],
    "capacities": [
        94.3480617192,
        87.7603950208,
        32.153110199
    ],
    "demands": [
        [
            65.8884278642,
            40.167558205,
            91.5402113843,
            46.4263334062
        ],
        [
            27.2231364833,
            25.4161232617,
            56.5754452822,
            27.0114192438
        ]
    ],
    "time_periods": 2
}