{
    "nodes": [
        "node_0",
        "node_1",
        "node_2",
        "node_3",
        "node_4",
        "node_5",
        "node_6",
        "node_7",
        "node_8",
        "node_9"
    ],
    "edges": [
        {
            "from": "node_4",
            "to": "node_7",
            "capacity": 685934.5630115375,
            "cost": 53.75675002607009
        },
        {
            "from": "node_5",
            "to": "node_1",
            "capacity": 421168.50411765237,
            "cost": 22.697788157040385
        },
        {
            "from": "node_1",
            "to": "node_7",
            "capacity": 599256.7654869115,
            "cost": 87.7109820560474
        },
        {
            "from": "node_5",
            "to": "node_1",
            "capacity": 505635.90150957764,
            "cost": 86.66916478055091
        },
        {
            "from": "node_0",
            "to": "node_7",
            "capacity": 137444.35636000164,
            "cost": 52.50744557052623
        },
        {
            "from": "node_3",
            "to": "node_6",
            "capacity": 231468.2301125651,
            "cost": 57.92297233766054
        },
        {
            "from": "node_1",
            "to": "node_7",
            "capacity": 799089.587879856,
            "cost": 78.94160608772842
        },
        {
            "from": "node_0",
            "to": "node_1",
            "capacity": 260226.54610191646,
            "cost": 91.92945139666479
        },
        {
            "from": "node_4",
            "to": "node_2",
            "capacity": 562737.6374417323,
            "cost": 11.933207837345554
        },
        {
            "from": "node_5",
            "to": "node_7",
            "capacity": 316429.3884745147,
            "cost": 8.156571602897861
        },
        {
            "from": "node_4",
            "to": "node_8",
            "capacity": 657623.8731550232,
            "cost": 31.654007341272564
        },
        {
            "from": "node_5",
            "to": "node_3",
            "capacity": 856552.623651003,
            "cost": 61.0383259453092
        },
        {
            "from": "node_8",
            "to": "node_3",
            "capacity": 142015.9717057545,
            "cost": 23.09574927008243
        },
        {
            "from": "node_7",
            "to": "node_0",
            "capacity": 1341.7155048878649,
            "cost": 11.694252226339069
        },
        {
            "from": "node_0",
            "to": "node_6",
            "capacity": 324915.1727624613,
            "cost": 13.214121142836769
        },
        {
            "from": "node_5",
            "to": "node_1",
            "capacity": 372181.1755486118,
            "cost": 33.49276951522223
        },
        {
            "from": "node_4",
            "to": "node_7",
            "capacity": 605153.5375692684,
            "cost": 65.97286643665875
        },
        {
            "from": "node_2",
            "to": "node_6",
            "capacity": 475042.3066173914,
            "cost": 59.2317044441134
        },
        {
            "from": "node_3",
            "to": "node_8",
            "capacity": 613170.3118436623,
            "cost": 48.513398540164914
        },
        {
            "from": "node_3",
            "to": "node_5",
            "capacity": 970652.0812832478,
            "cost": 69.60403252383634
        }
    ],
    "demand": [
        171.14863707725976,
        -171.17829027974983,
        898.8261551919475,
        -577.2135495116637,
        -353.23859530037964,
        216.73573998724805,
        -372.9984144808376,
        608.1778907899886,
        -84.25228018411497,
        -108.98570272873599
    ]
}