{
    "tasks": [
        "Task_0",
        "Task_1",
        "Task_2",
        "Task_3",
        "Task_4"
    ],
    "team_members": [
        "Member_0",
        "Member_1",
        "Member_2"
    ],
    "cost": [
        [
            64.3032530473,
            3.476064767,
            28.2279025185
        ],
        [
            23.0978630767,
            73.9106502022,
            67.9932492549
        ],
        [
            89.3257772028,
            9.6069444303,
            42.7702601488
        ],
        [
            3.9499247244,
            22.6451595056,
            51.0301735222
        ],
        [
            3.6270609987,
            20.684927418,
            65.3385593402
        ]
    ],
    "overtime_cost": [
        31.7976592241,
        18.8176248816,
        33.570627355
    ],
    "max_tasks_per_member": [
        1,
        2,
        4
    ]
}