{
    "telecommunications_network": "Optimizing the flow of data packets through a telecommunications network to minimize latency and maximize throughput. Variables represent data flow rates, and constraints ensure that the flow does not exceed the capacity of network links.",
    "water_distribution_system": "Managing the distribution of water through a network of pipes to ensure efficient delivery to various locations. Variables represent the flow rates of water, and constraints ensure that the flow does not exceed the capacity of the pipes and meets demand at each node.",
    "electric_power_grid": "Optimizing the distribution of electricity through a power grid to minimize losses and ensure reliable delivery. Variables represent the flow of electrical power, and constraints ensure that the flow does not exceed the capacity of transmission lines and meets demand at each node.",
    "supply_chain_management": "Optimizing the flow of goods through a supply chain network to minimize costs and meet demand. Variables represent the flow rates of goods, and constraints ensure that the flow does not exceed the capacity of transportation links and meets demand at each node.",
    "traffic_management": "Optimizing the flow of vehicles through a road network to minimize congestion and travel time. Variables represent the flow rates of vehicles, and constraints ensure that the flow does not exceed the capacity of roads and meets demand at each intersection.",
    "natural_gas_distribution": "Managing the distribution of natural gas through a pipeline network to ensure efficient delivery to various locations. Variables represent the flow rates of natural gas, and constraints ensure that the flow does not exceed the capacity of the pipelines and meets demand at each node.",
    "logistics_and_transportation": "Optimizing the flow of freight through a transportation network to minimize costs and delivery times. Variables represent the flow rates of freight, and constraints ensure that the flow does not exceed the capacity of transportation links and meets demand at each node.",
    "internet_traffic_routing": "Optimizing the routing of internet traffic through a network to minimize latency and maximize bandwidth utilization. Variables represent data flow rates, and constraints ensure that the flow does not exceed the capacity of network links.",
    "wastewater_management": "Managing the flow of wastewater through a sewer network to ensure efficient treatment and disposal. Variables represent the flow rates of wastewater, and constraints ensure that the flow does not exceed the capacity of the sewer pipes and meets treatment plant capacities.",
    "air_traffic_control": "Optimizing the flow of aircraft through an air traffic network to minimize delays and ensure safety. Variables represent the flow rates of aircraft, and constraints ensure that the flow does not exceed the capacity of air routes and meets scheduling requirements."
}