{
    "tasks": [
        "Task1",
        "Task2",
        "Task3"
    ],
    "team_members": [
        "Member1",
        "Member2",
        "Member3"
    ],
    "cost": [
        [
            64.3032530473,
            3.476064767,
            28.2279025185
        ],
        [
            23.0978630767,
            73.9106502022,
            67.9932492549
        ],
        [
            89.3257772028,
            9.6069444303,
            42.7702601488
        ]
    ],
    "skill_levels": [
        0,
        0,
        0
    ],
    "task_priorities": [
        3.0939480405,
        6.4181685614,
        6.0512055664
    ]
}