{
    "financial_investment": "Optimizing a portfolio of financial assets such as stocks, bonds, and mutual funds to maximize returns while minimizing risk, subject to constraints like budget, risk tolerance, and regulatory requirements.",
    "energy_generation": "Optimizing the mix of energy sources (e.g., solar, wind, hydro, and fossil fuels) to minimize costs and emissions while meeting energy demand and regulatory constraints.",
    "supply_chain_management": "Optimizing the allocation of resources across different suppliers and distribution centers to minimize costs and meet demand, subject to constraints like capacity, delivery times, and service levels.",
    "healthcare_resource_allocation": "Optimizing the allocation of medical resources (e.g., staff, equipment, and medications) to maximize patient outcomes and minimize costs, subject to constraints like budget, availability, and regulatory requirements.",
    "agricultural_land_use": "Optimizing the allocation of land for different crops to maximize yield and profit while minimizing environmental impact, subject to constraints like land availability, crop rotation requirements, and water usage.",
    "advertising_budget_allocation": "Optimizing the allocation of an advertising budget across different media channels to maximize reach and engagement, subject to constraints like budget, target audience, and campaign duration.",
    "transportation_network_design": "Optimizing the design of a transportation network to minimize travel time and costs while maximizing coverage and efficiency, subject to constraints like budget, capacity, and regulatory requirements.",
    "water_resource_management": "Optimizing the allocation of water resources to different uses (e.g., agriculture, industry, and residential) to maximize efficiency and sustainability, subject to constraints like availability, demand, and environmental regulations.",
    "telecommunications_network_optimization": "Optimizing the allocation of bandwidth and other resources in a telecommunications network to maximize service quality and minimize costs, subject to constraints like capacity, demand, and regulatory requirements.",
    "environmental_conservation": "Optimizing the allocation of resources for conservation efforts to maximize biodiversity and ecosystem health while minimizing costs, subject to constraints like budget, land availability, and regulatory requirements."
}