{
    "Healthcare Facility Location": "In the domain of healthcare, the Set Covering Problem can be applied to determine the optimal locations for healthcare facilities such as hospitals or clinics. The objective is to minimize the number of facilities while ensuring that every population center is within a certain distance from a facility. Variables represent potential facility locations, and constraints ensure that each population center is covered by at least one facility.",
    "Telecommunications Network Design": "In telecommunications, the Set Covering Problem can be used to design efficient network coverage. The objective is to minimize the number of cell towers while ensuring that every area within a region has adequate signal coverage. Variables represent potential locations for cell towers, and constraints ensure that each area is covered by at least one tower.",
    "Public Transportation Planning": "For public transportation, the Set Covering Problem can help in determining the optimal placement of bus stops or train stations. The objective is to minimize the number of stops while ensuring that all residential areas are within a reasonable walking distance to a stop. Variables represent potential stop locations, and constraints ensure that each residential area is covered by at least one stop.",
    "Fire Station Placement": "In emergency services, the Set Covering Problem can be applied to determine the optimal locations for fire stations. The objective is to minimize the number of fire stations while ensuring that all areas within a city are within a certain response time. Variables represent potential fire station locations, and constraints ensure that each area is covered by at least one station.",
    "Warehouse Location Optimization": "In logistics, the Set Covering Problem can be used to determine the optimal locations for warehouses. The objective is to minimize the number of warehouses while ensuring that all customer locations can be served within a certain delivery time. Variables represent potential warehouse locations, and constraints ensure that each customer location is covered by at least one warehouse.",
    "School Districting": "In education, the Set Covering Problem can be applied to determine the optimal locations for schools within a district. The objective is to minimize the number of schools while ensuring that all residential areas are within a reasonable distance to a school. Variables represent potential school locations, and constraints ensure that each residential area is covered by at least one school.",
    "Wildlife Reserve Placement": "In environmental conservation, the Set Covering Problem can be used to determine the optimal locations for wildlife reserves. The objective is to minimize the number of reserves while ensuring that all critical habitats are protected. Variables represent potential reserve locations, and constraints ensure that each critical habitat is covered by at least one reserve.",
    "Security Camera Placement": "In security, the Set Covering Problem can be applied to determine the optimal placement of security cameras. The objective is to minimize the number of cameras while ensuring that all areas of interest are within the field of view of at least one camera. Variables represent potential camera locations, and constraints ensure that each area of interest is covered by at least one camera."
}