{
    "hospital_nutrition_planning": "Optimizing the meal plans for patients to ensure they receive the necessary nutrients while minimizing costs. Variables include quantities of different food items, and constraints ensure nutritional requirements are met.",
    "school_lunch_programs": "Designing cost-effective and nutritious meal plans for school children. Variables are the amounts of various food items, and constraints include nutritional guidelines and budget limits.",
    "athlete_diet_optimization": "Creating meal plans for athletes to meet their specific nutritional needs for performance and recovery. Variables are the quantities of different foods, and constraints ensure macronutrient and micronutrient requirements are satisfied.",
    "elderly_care_nutrition": "Planning meals for elderly individuals in care facilities to meet their dietary needs and preferences. Variables include the amounts of various food items, and constraints ensure dietary restrictions and nutritional needs are met.",
    "weight_loss_programs": "Developing personalized diet plans for individuals aiming to lose weight while maintaining nutritional balance. Variables are the quantities of different foods, and constraints ensure caloric intake and nutritional requirements are met.",
    "food_bank_distribution": "Optimizing the distribution of food items to ensure nutritional needs of recipients are met while minimizing costs. Variables include the amounts of different food items distributed, and constraints ensure nutritional adequacy and availability of food items.",
    "military_meal_planning": "Designing meal plans for soldiers to ensure they receive adequate nutrition for their physical demands. Variables are the quantities of different food items, and constraints ensure nutritional requirements and logistical considerations are met.",
    "corporate_cafeteria_menus": "Creating cost-effective and nutritious menus for corporate cafeterias. Variables include the amounts of various food items, and constraints ensure nutritional guidelines and budget limits are adhered to.",
    "prison_meal_planning": "Optimizing meal plans for inmates to ensure they receive necessary nutrients while minimizing costs. Variables are the quantities of different food items, and constraints ensure nutritional requirements and budget constraints are met.",
    "disaster_relief_food_distribution": "Planning the distribution of food supplies to disaster-affected areas to ensure nutritional needs are met. Variables include the amounts of different food items, and constraints ensure nutritional adequacy and logistical feasibility."
}