{
    "staff": [
        "staff_0",
        "staff_1",
        "staff_2",
        "staff_3",
        "staff_4"
    ],
    "shifts": [
        "shift_0",
        "shift_1",
        "shift_2",
        "shift_3",
        "shift_4"
    ],
    "cost": [
        [
            1.7176846882,
            3.8566088734,
            9.8962811713,
            6.4359976226,
            5.6138024634
        ],
        [
            6.8776810848,
            8.4442340099,
            7.7823991243,
            2.3675759124,
            0.4177924146
        ],
        [
            3.2229851758,
            2.7506346722,
            2.1887301515,
            9.4348061719,
            8.7760395021
        ],
        [
            3.2153110199,
            6.5888427864,
            4.0167558205,
            9.1540211384,
            4.6426333406
        ],
        [
            2.7223136483,
            2.5416123262,
            5.6575445282,
            2.7011419244,
            5.8874013032
        ]
    ],
    "coverage": [
        2,
        2,
        1,
        1,
        2
    ],
    "preferences": [
        [
            1.0000031805,
            0.5664521167,
            1.1855263905,
            6.3117158129,
            7.9415857072
        ],
        [
            4.2793836713,
            0.7289242909,
            3.8780309364,
            9.9616016644,
            5.3382320165
        ],
        [
            9.7136759384,
            8.6217190521,
            0.2136621172,
            7.2351460117,
            6.8489326534
        ],
        [
            5.416006271,
            2.7415693805,
            6.4455218059,
            1.2043665186,
            4.4041759816
        ],
        [
            4.5918646927,
            9.5427776825,
            8.7709441097,
            2.7075516024,
            5.0558025192
        ]
    ],
    "skill_levels": [
        1.8686536172,
        9.1350156095,
        8.7181338414,
        3.0546034353,
        6.4255999992
    ],
    "shift_requirements": [
        6.1288050932,
        1.6131087586,
        7.6488569207,
        5.4398523982,
        7.8084021384
    ]
}