{
    "employees": [
        "Employee_0",
        "Employee_1",
        "Employee_2",
        "Employee_3",
        "Employee_4"
    ],
    "shifts": [
        "Shift_0",
        "Shift_1",
        "Shift_2"
    ],
    "costs": [
        [
            28.5193867079,
            63.9327599822,
            37.118385718
        ],
        [
            37.6479157446,
            21.7411960464,
            27.4308043829
        ],
        [
            93.7288041835,
            65.1555031394,
            61.303969561
        ],
        [
            17.9427261716,
            73.1835529971,
            17.1768468824
        ],
        [
            38.566088734,
            98.962811713,
            64.3599762256
        ]
    ],
    "shift_requirements": [
        5,
        2,
        3
    ],
    "overtime_costs": [
        [
            84.4423400988,
            77.8239912431,
            23.6757591244
        ],
        [
            4.1779241465,
            32.2298517578,
            27.5063467216
        ],
        [
            21.887301515,
            94.3480617192,
            87.7603950208
        ],
        [
            32.153110199,
            65.8884278642,
            40.167558205
        ],
        [
            91.5402113843,
            46.4263334062,
            27.2231364833
        ]
    ],
    "preferences": [
        [
            0,
            1,
            1
        ],
        [
            1,
            1,
            0
        ],
        [
            0,
            1,
            0
        ],
        [
            0,
            0,
            0
        ],
        [
            0,
            1,
            0
        ]
    ]
}