{
    "costs": [
        66.6933410636,
        35.3678634615,
        55.9883519144,
        87.4712723541,
        97.3837022637
    ],
    "returns": [
        74.9477611144,
        92.576382257,
        23.6737332229,
        16.25017671,
        79.9887029907
    ],
    "budget": 170.8209481282,
    "dependencies": [
        [
            0,
            1
        ],
        [
            0,
            2
        ],
        [
            1,
            2
        ],
        [
            3,
            0
        ],
        [
            3,
            1
        ],
        [
            4,
            3
        ]
    ],
    "min_return": 102.4487636669
}