{
    "energy_generation": "Optimizing the production levels of various power plants to meet electricity demand while minimizing costs and adhering to environmental regulations. Variables include power output levels, and constraints include capacity limits and emission caps.",
    "chemical_manufacturing": "Determining the optimal production rates of different chemical products to maximize profit while considering raw material availability and production capacities. Variables include production rates, and constraints include material balances and equipment capacities.",
    "water_treatment": "Managing the flow rates of different treatment processes to ensure water quality standards are met at minimal cost. Variables include flow rates through various treatment stages, and constraints include quality standards and treatment capacities.",
    "pharmaceutical_production": "Optimizing the production schedule of various drugs to meet demand forecasts while minimizing production and holding costs. Variables include production rates, and constraints include production capacities and shelf-life limitations.",
    "food_processing": "Planning the production levels of different food products to meet market demand while minimizing waste and production costs. Variables include production quantities, and constraints include storage capacities and shelf-life constraints.",
    "oil_refining": "Optimizing the production of various petroleum products to maximize profit while considering crude oil availability and refining capacities. Variables include production rates of different products, and constraints include refining capacities and product specifications.",
    "textile_manufacturing": "Determining the optimal production rates of different textile products to meet market demand while minimizing costs and ensuring quality standards. Variables include production rates, and constraints include machine capacities and quality requirements.",
    "paper_production": "Optimizing the production levels of different types of paper to meet demand while minimizing production costs and waste. Variables include production rates, and constraints include raw material availability and machine capacities.",
    "cement_production": "Planning the production levels of different types of cement to meet construction demand while minimizing costs and adhering to environmental regulations. Variables include production rates, and constraints include kiln capacities and emission limits.",
    "glass_manufacturing": "Optimizing the production of various glass products to meet market demand while minimizing energy consumption and production costs. Variables include production rates, and constraints include furnace capacities and quality standards."
}