{
    "hospital_nurse_scheduling": "In a hospital setting, the Staff Scheduling Problem can be applied to schedule nurses in various shifts to ensure adequate coverage while considering constraints like maximum working hours, required rest periods, and skill requirements for different wards.",
    "call_center_agent_scheduling": "In a call center, the problem can be used to schedule agents to handle customer calls, ensuring that peak times are adequately staffed while considering constraints such as agent availability, maximum working hours, and required breaks.",
    "restaurant_staff_scheduling": "In a restaurant, the problem can be applied to schedule waitstaff, chefs, and cleaners to ensure smooth operations during different meal times, considering constraints like shift length, employee availability, and skill levels.",
    "airport_ground_staff_scheduling": "At an airport, the problem can be used to schedule ground staff for tasks such as baggage handling, check-in, and security, ensuring that all flights are adequately supported while considering constraints like shift length, required rest periods, and skill requirements.",
    "hotel_housekeeping_scheduling": "In a hotel, the problem can be applied to schedule housekeeping staff to clean rooms and public areas, ensuring that all tasks are completed in a timely manner while considering constraints like shift length, employee availability, and room occupancy rates.",
    "manufacturing_plant_worker_scheduling": "In a manufacturing plant, the problem can be used to schedule workers on production lines to ensure continuous operation while considering constraints like shift length, required rest periods, and skill requirements for different tasks.",
    "university_professor_scheduling": "At a university, the problem can be applied to schedule professors for lectures, office hours, and research time, ensuring that all classes are covered while considering constraints like teaching load, research commitments, and availability.",
    "public_transport_driver_scheduling": "In public transportation, the problem can be used to schedule bus or train drivers to ensure that all routes are covered while considering constraints like maximum driving hours, required rest periods, and route preferences.",
    "retail_store_employee_scheduling": "In a retail store, the problem can be applied to schedule cashiers, stockers, and customer service representatives to ensure adequate coverage during store hours while considering constraints like shift length, employee availability, and peak shopping times.",
    "construction_site_worker_scheduling": "On a construction site, the problem can be used to schedule workers for various tasks such as building, plumbing, and electrical work, ensuring that all tasks are completed on time while considering constraints like shift length, required rest periods, and skill requirements."
}