{
    "num_stops": 5,
    "num_vehicles": 2,
    "vehicle_capacity": 40.5621568763,
    "demand": [
        0,
        75.5155949952,
        96.6059609937,
        43.6150988451,
        2.0442295057
    ],
    "travel_time": [
        [
            26.61509867,
            51.556947812,
            52.3609789181,
            58.4713112569,
            57.9483044288
        ],
        [
            45.132076599,
            39.7222826991,
            77.4618810138,
            59.2704056975,
            50.5461123804
        ],
        [
            35.1517713724,
            3.4317026496,
            11.3503864426,
            42.181567424,
            96.2110587023
        ],
        [
            12.4908644579,
            94.1269396565,
            15.0258425063,
            31.8771440459,
            46.0779308874
        ],
        [
            21.4798652946,
            48.8096738792,
            48.1400905897,
            44.378427889,
            69.9795632868
        ]
    ],
    "service_frequency": [
        0,
        2,
        1,
        2,
        1
    ]
}