{
    "staff": [
        "staff_0",
        "staff_1",
        "staff_2",
        "staff_3",
        "staff_4"
    ],
    "shifts": [
        "shift_0",
        "shift_1",
        "shift_2",
        "shift_3",
        "shift_4"
    ],
    "cost": [
        [
            64.3032530473,
            3.476064767,
            28.2279025185,
            23.0978630767,
            73.9106502022
        ],
        [
            67.9932492549,
            89.3257772028,
            9.6069444303,
            42.7702601488,
            3.9499247244
        ],
        [
            22.6451595056,
            51.0301735222,
            3.6270609987,
            20.684927418,
            65.3385593402
        ],
        [
            54.9492065797,
            22.823621582,
            59.3373027037,
            81.1336152111,
            1.6433772081
        ],
        [
            80.7761059314,
            70.1158001038,
            34.6848011353,
            16.3924704814,
            95.7640941485
        ]
    ],
    "coverage": [
        3,
        1,
        1,
        4,
        1
    ],
    "preferences": [
        [
            3.5897938048,
            3.4395572248,
            2.6452086722,
            0.4345044292,
            4.5942487967
        ],
        [
            1.2482616285,
            9.2229537203,
            0.7880019808,
            2.9317828141,
            6.2863979949
        ],
        [
            8.8545174794,
            3.6163502617,
            1.9228859026,
            0.6955514882,
            6.6126331857
        ],
        [
            7.7306834079,
            9.8522152066,
            8.5531772102,
            8.6648366676,
            3.8012622504
        ],
        [
            4.5341030237,
            8.3411042664,
            1.6265409716,
            3.5527070023,
            6.7017517438
        ]
    ],
    "max_shifts": [
        1,
        5,
        2,
        5,
        2
    ]
}