{
    "teachers": [
        "teacher_0",
        "teacher_1",
        "teacher_2"
    ],
    "classes": [
        "class_0",
        "class_1",
        "class_2",
        "class_3"
    ],
    "time_slots": [
        "slot_0",
        "slot_1",
        "slot_2",
        "slot_3",
        "slot_4"
    ],
    "availability": [
        [
            false,
            false,
            true,
            true,
            false
        ],
        [
            true,
            true,
            false,
            true,
            false
        ],
        [
            false,
            false,
            true,
            false,
            true
        ]
    ],
    "preferences": [
        [
            [
                9.7311576398,
                3.7853437721,
                5.5204063127,
                8.2940466425,
                6.1851975236
            ],
            [
                8.6170690031,
                5.7735214526,
                7.0457183621,
                0.4582438366,
                2.2789827565
            ],
            [
                2.893879636,
                0.7979197692,
                2.3279088636,
                1.0100142941,
                2.7797360311
            ],
            [
                6.3568444426,
                3.6483217897,
                3.7018096712,
                2.0950703077,
                2.6697782205
            ]
        ],
        [
            [
                9.3665458771,
                6.4803538525,
                6.0913100567,
                1.711386482,
                7.2912679795
            ],
            [
                1.6340249376,
                3.7945544176,
                9.8952335064,
                6.3999975985,
                5.5694974377
            ],
            [
                6.8461425099,
                8.4285192019,
                7.7599991155,
                2.2904807196,
                0.321002439
            ],
            [
                3.1545304806,
                2.6774087598,
                2.1098284359,
                9.4290971434,
                8.7636762647
            ]
        ],
        [
            [
                3.146778808,
                6.5543866529,
                3.9563190106,
                9.1454758974,
                4.5885185259
            ],
            [
                2.648801665,
                2.4662750769,
                5.6136813416,
                2.6274160852,
                5.8458599022
            ],
            [
                8.978228836,
                3.9940050514,
                2.1932075916,
                9.975376065,
                5.0952629368
            ],
            [
                0.9090941217,
                0.4711637542,
                1.0964913035,
                6.274460417,
                7.9207936436
            ]
        ]
    ]
}