{
    "nurses": [
        "nurse_0",
        "nurse_1",
        "nurse_2",
        "nurse_3",
        "nurse_4"
    ],
    "shifts": [
        "shift_0",
        "shift_1",
        "shift_2",
        "shift_3",
        "shift_4",
        "shift_5",
        "shift_6"
    ],
    "shift_requirements": [
        1,
        2,
        4,
        2,
        3,
        5,
        4
    ],
    "max_hours": [
        23.26,
        38.67,
        24.23,
        22.56,
        24.57
    ],
    "shift_hours": [
        4.98,
        6.92,
        7.4,
        4.98,
        7.88,
        6.14,
        5.86
    ]
}