{
    "locations": [
        "Location_0",
        "Location_1",
        "Location_2",
        "Location_3",
        "Location_4"
    ],
    "distances": [
        [
            0,
            35.5091207054,
            81.8561299265,
            44.4679204349,
            99.4018107475
        ],
        [
            77.7875333382,
            0,
            24.4576594813,
            81.2595689671,
            59.2044658007
        ],
        [
            35.7124532703,
            71.3646419899,
            0,
            63.6442924618,
            17.4321801513
        ],
        [
            14.7842616268,
            21.4553459625,
            21.4873293544,
            0,
            6.8764255303
        ],
        [
            35.7307324163,
            28.8274168602,
            54.3380860587,
            33.0417079696,
            0
        ]
    ],
    "truck_capacity": 70.7013224138,
    "waste_amounts": [
        0,
        29.643991103,
        27.4669635615,
        85.9436676497,
        98.5633419239
    ],
    "num_trucks": 2,
    "time_windows": [
        [
            0,
            0
        ],
        [
            10.4272912176,
            68.2506322764
        ],
        [
            78.7834137808,
            96.3144275044
        ],
        [
            91.9581024712,
            99.2561363388
        ],
        [
            13.5619286928,
            86.8377114529
        ]
    ]
}