{
    "nurses": [
        "nurse_1",
        "nurse_2",
        "nurse_3",
        "nurse_4",
        "nurse_5",
        "nurse_6",
        "nurse_7",
        "nurse_8",
        "nurse_9",
        "nurse_10"
    ],
    "shifts": [
        "shift_1",
        "shift_2",
        "shift_3",
        "shift_4",
        "shift_5",
        "shift_6",
        "shift_7",
        "shift_8",
        "shift_9",
        "shift_10"
    ],
    "shift_requirements": [
        4,
        10,
        4,
        6,
        5,
        4,
        6,
        9,
        7,
        5
    ],
    "max_hours": [
        25.28,
        28.48,
        33.18,
        35.37,
        37.81,
        22.79,
        35.4,
        25.9,
        33.74,
        27.23
    ],
    "shift_hours": [
        8.34,
        6.57,
        10.38,
        8.65,
        5.39,
        9.8,
        11.01,
        9.11,
        5.65,
        10.32
    ],
    "preferences": [
        [
            8.3,
            1.83,
            6.47,
            4.97,
            2.46,
            4.84,
            2.71,
            5.68,
            5.37,
            1.46
        ],
        [
            6.06,
            2.53,
            9.67,
            8.13,
            9.84,
            0.03,
            1.89,
            9.34,
            9.28,
            4.55
        ],
        [
            9.91,
            5.84,
            2.77,
            5.67,
            1.99,
            0.51,
            4.28,
            9.82,
            5.95,
            4.76
        ],
        [
            3.87,
            1.19,
            1.81,
            3.61,
            8.01,
            0.55,
            8.47,
            2.77,
            5.48,
            2.68
        ],
        [
            7.84,
            9.26,
            6.87,
            2.05,
            8.91,
            5.67,
            0.1,
            3.38,
            6.24,
            2.77
        ],
        [
            4.3,
            2.3,
            6.18,
            5.71,
            2.67,
            5.53,
            8.41,
            1.52,
            5.54,
            3.17
        ],
        [
            2.2,
            8.06,
            8.25,
            2.03,
            6.16,
            9.54,
            0.91,
            7.4,
            9.79,
            2.7
        ],
        [
            4.86,
            0.96,
            8.45,
            2.21,
            4.6,
            1.66,
            1.74,
            2.2,
            1.07,
            2.39
        ],
        [
            3.08,
            5.8,
            6.0,
            3.87,
            2.13,
            1.0,
            0.82,
            7.12,
            4.43,
            7.39
        ],
        [
            3.84,
            6.15,
            3.8,
            5.41,
            2.72,
            8.82,
            4.92,
            7.9,
            5.24,
            3.22
        ]
    ]
}