{
    "teachers": [
        "Teacher_0",
        "Teacher_1",
        "Teacher_2"
    ],
    "classes": [
        "Class_0",
        "Class_1",
        "Class_2",
        "Class_3"
    ],
    "time_slots": [
        "Slot_0",
        "Slot_1",
        "Slot_2",
        "Slot_3",
        "Slot_4"
    ],
    "rooms": [
        "Room_0",
        "Room_1"
    ],
    "availability": [
        [
            false,
            true,
            false,
            false,
            false
        ],
        [
            false,
            true,
            true,
            false,
            false
        ],
        [
            true,
            false,
            false,
            true,
            false
        ]
    ],
    "preferences": [
        [
            [
                0.0032453161,
                0.7220920613,
                0.7196806689,
                0.9718880989,
                0.7619621991
            ],
            [
                0.5076816746,
                0.1064108228,
                0.6253001936,
                0.8416693482,
                0.507662882
            ],
            [
                0.1989111018,
                0.3739138526,
                0.1615490358,
                0.9534997477,
                0.9224340806
            ],
            [
                0.9184934944,
                0.5989445845,
                0.488605708,
                0.1118677253,
                0.3629807672
            ]
        ],
        [
            [
                0.9853213789,
                0.8067748048,
                0.2394523103,
                0.2408715924,
                0.5673569437
            ],
            [
                0.0787570483,
                0.7319075948,
                0.8160232534,
                0.9779844937,
                0.5327061695
            ],
            [
                0.1257605115,
                0.6597508227,
                0.9468486797,
                0.165126959,
                0.5276737874
            ],
            [
                0.6065939175,
                0.964362906,
                0.928913493,
                0.7552651966,
                0.6898676321
            ]
        ],
        [
            [
                0.7129489728,
                0.3989923,
                0.6716869596,
                0.3734205025,
                0.8996140846
            ],
            [
                0.4514861414,
                0.2479056137,
                0.0640258963,
                0.02103426,
                0.5539215224
            ],
            [
                0.5884401144,
                0.007190839,
                0.7078409465,
                0.0588737669,
                0.0674003281
            ],
            [
                0.0314129581,
                0.3304284891,
                0.5141561198,
                0.278477264,
                0.4854144992
            ]
        ]
    ],
    "class_sizes": [
        27,
        14,
        28,
        28
    ],
    "room_capacities": [
        30,
        22
    ]
}