{
    "logistics_and_distribution": "In logistics and distribution, VRP can be applied to optimize the delivery routes of a fleet of vehicles to minimize total travel distance or time while ensuring that all customer demands are met. Variables include vehicle capacities, customer demands, and travel times between locations. Constraints include vehicle capacity limits, delivery time windows, and ensuring each customer is visited exactly once.",
    "public_transportation": "In public transportation, VRP can be used to design optimal bus or train routes to minimize travel time or operational costs while maximizing coverage and meeting passenger demand. Variables include passenger demand at different stops, vehicle capacities, and travel times. Constraints include vehicle capacity, service frequency, and ensuring all stops are serviced.",
    "waste_collection": "In waste collection, VRP can optimize the routes of garbage trucks to minimize travel distance or time while ensuring all waste bins are collected. Variables include bin locations, waste generation rates, and truck capacities. Constraints include truck capacity limits, collection time windows, and ensuring all bins are serviced.",
    "emergency_services": "In emergency services, VRP can be applied to optimize the dispatch of ambulances, fire trucks, or police vehicles to minimize response time to incidents. Variables include incident locations, vehicle availability, and travel times. Constraints include vehicle capacity, response time targets, and ensuring all incidents are attended to.",
    "maintenance_and_repair": "In maintenance and repair, VRP can optimize the routes of service technicians to minimize travel time or costs while ensuring all maintenance tasks are completed. Variables include task locations, technician availability, and travel times. Constraints include technician capacity, service time windows, and ensuring all tasks are completed.",
    "food_delivery": "In food delivery, VRP can be used to optimize the delivery routes of food delivery vehicles to minimize delivery time or costs while ensuring all orders are delivered within a specified time window. Variables include order locations, vehicle capacities, and travel times. Constraints include vehicle capacity limits, delivery time windows, and ensuring all orders are delivered.",
    "postal_and_parcel_delivery": "In postal and parcel delivery, VRP can optimize the routes of delivery vehicles to minimize travel distance or time while ensuring all parcels are delivered. Variables include parcel destinations, vehicle capacities, and travel times. Constraints include vehicle capacity limits, delivery time windows, and ensuring all parcels are delivered.",
    "school_bus_routing": "In school bus routing, VRP can be applied to design optimal routes for school buses to minimize travel time or distance while ensuring all students are picked up and dropped off. Variables include student locations, bus capacities, and travel times. Constraints include bus capacity limits, pick-up and drop-off time windows, and ensuring all students are serviced.",
    "sales_and_marketing": "In sales and marketing, VRP can optimize the routes of sales representatives to minimize travel time or costs while maximizing the number of client visits. Variables include client locations, representative availability, and travel times. Constraints include representative capacity, visit time windows, and ensuring all clients are visited."
}