{
    "nodes": [
        "node_0",
        "node_1",
        "node_2",
        "node_3",
        "node_4",
        "node_5",
        "node_6",
        "node_7",
        "node_8",
        "node_9"
    ],
    "edges": [
        {
            "from": "node_0",
            "to": "node_3",
            "capacity": [
                23.9713090517155,
                59.273129917643324,
                23.485462731819467,
                75.00009324032318,
                88.94519849096065
            ],
            "cost": [
                8.13862758000164,
                6.112437504619489,
                9.918448628603695,
                1.1340870399721132,
                7.478441642592114
            ]
        },
        {
            "from": "node_0",
            "to": "node_1",
            "capacity": [
                6.608804244882409,
                44.417032389929545,
                28.977001773776287,
                32.098462437220505,
                60.63918534566228
            ],
            "cost": [
                9.01382230369895,
                9.982799281416195,
                2.1674461994701213,
                4.580367858024777,
                6.918245383362376
            ]
        },
        {
            "from": "node_1",
            "to": "node_1",
            "capacity": [
                25.76968669815841,
                54.820973361881336,
                49.99799593404131,
                73.78664415723874,
                36.33887308736426
            ],
            "cost": [
                9.235907776123593,
                2.982585601448092,
                7.418204730186389,
                9.472842889297029,
                8.021875649412367
            ]
        },
        {
            "from": "node_4",
            "to": "node_3",
            "capacity": [
                53.15757458958677,
                27.485989679150542,
                70.07939704954994,
                50.84109485397814,
                6.345755877471784
            ],
            "cost": [
                9.103828398119694,
                7.349515077136986,
                6.596846024512271,
                3.518054609790554,
                2.8319944158825487
            ]
        },
        {
            "from": "node_2",
            "to": "node_8",
            "capacity": [
                23.823056743956958,
                74.44895721035898,
                21.866193556428378,
                37.866608521090185,
                81.82159123574246
            ],
            "cost": [
                2.2776510888547374,
                9.801187307506405,
                7.285077452380184,
                6.849172777516602,
                5.083866868744826
            ]
        },
        {
            "from": "node_1",
            "to": "node_0",
            "capacity": [
                50.39184154418256,
                4.341862177547503,
                28.518765741853226,
                39.03348922536426,
                82.89070620048457
            ],
            "cost": [
                1.760439653228822,
                3.5118323392508035,
                6.487729530449408,
                5.458217488003046,
                8.764955292964679
            ]
        },
        {
            "from": "node_6",
            "to": "node_7",
            "capacity": [
                5.397139461490481,
                21.367281947682574,
                19.258252891396303,
                43.677411501979094,
                6.173705476372259
            ],
            "cost": [
                3.746332654966077,
                5.8739425008518005,
                4.130240845941119,
                1.2339289202577322,
                6.47865363054203
            ]
        },
        {
            "from": "node_5",
            "to": "node_4",
            "capacity": [
                81.21412498189895,
                59.5049040424665,
                75.967969437742,
                34.753494112587276,
                83.09470604756117
            ],
            "cost": [
                4.906684091625218,
                4.847942702796415,
                7.5630352076671885,
                7.618730394330669,
                1.5140673389030268
            ]
        },
        {
            "from": "node_1",
            "to": "node_8",
            "capacity": [
                39.422945717684065,
                72.40840549256501,
                68.11898296664974,
                85.99289518667923,
                93.85963129953575
            ],
            "cost": [
                5.171522832024955,
                6.153422977574033,
                6.114727489062481,
                5.670215750790435,
                2.462939825972505
            ]
        },
        {
            "from": "node_6",
            "to": "node_7",
            "capacity": [
                74.81775316051166,
                92.54145275491821,
                14.055398574944935,
                2.5031579493679974,
                80.15930345339532
            ],
            "cost": [
                9.55870508752417,
                1.769831806341222,
                3.2493935372088307,
                5.885241006779851,
                4.037791178671595
            ]
        },
        {
            "from": "node_6",
            "to": "node_0",
            "capacity": [
                61.939177678173166,
                36.80779182617357,
                66.26376440972696,
                78.46020247526525,
                81.21569019842765
            ],
            "cost": [
                6.471992582910151,
                2.118757715538564,
                6.1159696798547225,
                3.888904523283229,
                3.380657901080951
            ]
        },
        {
            "from": "node_2",
            "to": "node_7",
            "capacity": [
                46.80970258794279,
                44.55101866184323,
                47.177510571951956,
                96.62266379232437,
                48.540583082560936
            ],
            "cost": [
                8.598927974771527,
                2.9605824997834707,
                1.5272635237584469,
                9.449508322148933,
                3.4880110403403526
            ]
        },
        {
            "from": "node_9",
            "to": "node_8",
            "capacity": [
                32.088626886725685,
                7.340305303063327,
                18.80058706956124,
                76.83170614307251,
                28.33828991423949
            ],
            "cost": [
                8.821498345243636,
                2.1450023207572864,
                6.673043605465128,
                2.322116068312172,
                6.561543739615406
            ]
        },
        {
            "from": "node_0",
            "to": "node_3",
            "capacity": [
                12.330209730606393,
                4.8116760346389755,
                68.7596970138341,
                86.19645747982396,
                58.40918083053908
            ],
            "cost": [
                1.377600282286625,
                7.456219271209626,
                1.5473158103625035,
                7.430946073887797,
                3.3314927501793274
            ]
        },
        {
            "from": "node_4",
            "to": "node_0",
            "capacity": [
                68.16039413696645,
                85.8915404386172,
                35.980169143555266,
                72.1136104198439,
                60.457305045686574
            ],
            "cost": [
                4.147566854823166,
                1.697312284726213,
                4.994314156611584,
                5.59931965691635,
                3.132808400961587
            ]
        },
        {
            "from": "node_5",
            "to": "node_9",
            "capacity": [
                37.764576830600554,
                82.44660137907124,
                42.180997364729066,
                64.54681569502544,
                87.70946069080647
            ],
            "cost": [
                2.2877153398264296,
                3.9388648753069386,
                8.09348015667932,
                4.014872065006863,
                4.6732379650811104
            ]
        },
        {
            "from": "node_5",
            "to": "node_7",
            "capacity": [
                94.30547551346285,
                30.11224059439987,
                4.084583132497734,
                37.461889433983316,
                29.796390660856233
            ],
            "cost": [
                2.3505692795429667,
                6.321046912892294,
                1.9560889339547105,
                2.9033168276571324,
                3.8179518922952203
            ]
        },
        {
            "from": "node_8",
            "to": "node_9",
            "capacity": [
                71.57118368939474,
                94.05404374206068,
                38.50512957753203,
                58.685938322747894,
                66.04887388571885
            ],
            "cost": [
                2.35067217372214,
                7.863506525608805,
                6.842908700600301,
                9.596614142476044,
                9.627626504150486
            ]
        },
        {
            "from": "node_3",
            "to": "node_9",
            "capacity": [
                50.8460928036532,
                57.869485470668316,
                55.27506999419013,
                42.389931666536405,
                73.57152042540157
            ],
            "cost": [
                8.628355718451115,
                5.749807590125872,
                1.4628835355037306,
                5.250962435698359,
                5.7200326374398465
            ]
        },
        {
            "from": "node_7",
            "to": "node_5",
            "capacity": [
                27.649089353586245,
                83.76488510481364,
                30.013465577333285,
                25.158870544580854,
                25.064260930579813
            ],
            "cost": [
                7.908790728429501,
                4.257684618815901,
                5.1023905637364635,
                7.733694514271406,
                2.0387522744957964
            ]
        }
    ],
    "demand": [
        [
            -5.179070466010649,
            4.655966603399595,
            7.604535581160455,
            -2.762376803205897,
            -2.9603078126226183
        ],
        [
            0.1128688568538081,
            8.292710239037422,
            3.0665985471240447,
            2.1043716714307408,
            -1.02063957060812
        ],
        [
            -1.6229954019541601,
            1.3868450861902666,
            6.5356783549107575,
            -7.4943748227183615,
            0.7523179419255133
        ],
        [
            5.528965429852267,
            -1.8476512023649931,
            1.6951067247841713,
            -7.23719692147588,
            -4.794420928380498
        ],
        [
            -4.262296208505065,
            -3.7231132212334845,
            -8.36988085381645,
            -1.5795481942555423,
            9.664955012261654
        ],
        [
            1.520235016077791,
            2.6525953235389643,
            5.452899515346319,
            7.997449365245654,
            7.5281139394743946
        ],
        [
            -9.689754967872659,
            -7.584223088826896,
            -4.732477550877698,
            1.0915755795511402,
            8.602503310123126
        ],
        [
            4.857079848795438,
            -7.472040970704139,
            -9.318486625871278,
            -1.3716027104956723,
            3.800931299766246
        ],
        [
            9.798669676931905,
            -7.352444899842578,
            7.33759977360214,
            8.372460065501052,
            8.085207853072685
        ],
        [
            -2.9126445759157864,
            -1.9536498640583915,
            1.1388156177751583,
            4.239670230953676,
            -7.619407126783091
        ]
    ],
    "time_periods": [
        "t_0",
        "t_1",
        "t_2",
        "t_3",
        "t_4"
    ]
}