{
    "teachers": [
        "Teacher_0",
        "Teacher_1",
        "Teacher_2"
    ],
    "classes": [
        "Class_0",
        "Class_1",
        "Class_2",
        "Class_3"
    ],
    "time_slots": [
        "Slot_0",
        "Slot_1",
        "Slot_2",
        "Slot_3",
        "Slot_4"
    ],
    "availability": [
        [
            false,
            true,
            true,
            false,
            false
        ],
        [
            true,
            false,
            true,
            true,
            false
        ],
        [
            true,
            false,
            true,
            true,
            false
        ]
    ],
    "preferences": [
        [
            [
                0.3496584244,
                0.820536381,
                0.8713230359,
                0.2229235472,
                0.6600331827
            ],
            [
                0.3984659786,
                0.278603061,
                0.0694207547,
                0.7733266374,
                0.3511461291
            ],
            [
                0.5094056755,
                0.6795181184,
                0.8436611633,
                0.3311498682,
                0.0276005351
            ],
            [
                0.8770384116,
                0.2612151964,
                0.5805897337,
                0.9835505729,
                0.0382571974
            ]
        ],
        [
            [
                0.596571255,
                0.3456871117,
                0.7864281782,
                0.4363938839,
                0.9842358493
            ],
            [
                0.115645784,
                0.8995047329,
                0.1900787745,
                0.0443865337,
                0.4360575155
            ],
            [
                0.5199203486,
                0.8065108697,
                0.6868571469,
                0.9402631204,
                0.7370376935
            ],
            [
                0.1970351291,
                0.4312973996,
                0.948874486,
                0.9207708562,
                0.6231554099
            ]
        ],
        [
            [
                0.6633874763,
                0.1246253157,
                0.9000468351,
                0.507122504,
                0.6668929041
            ],
            [
                0.3261829049,
                0.6972084142,
                0.5544124777,
                0.191840093,
                0.6649294342
            ],
            [
                0.3791452771,
                0.7481345602,
                0.1740273432,
                0.5691052549,
                0.4060751688
            ],
            [
                0.8337251693,
                0.3038749493,
                0.2101826849,
                0.7857588275,
                0.6066615705
            ]
        ]
    ],
    "qualifications": [
        [
            false,
            false,
            false,
            false
        ],
        [
            true,
            false,
            true,
            true
        ],
        [
            false,
            false,
            true,
            true
        ]
    ],
    "max_classes": [
        3,
        2,
        2
    ]
}