{
    "employees": [
        "Employee_0",
        "Employee_1",
        "Employee_2",
        "Employee_3",
        "Employee_4"
    ],
    "shifts": [
        "Shift_0",
        "Shift_1",
        "Shift_2"
    ],
    "costs": [
        [
            64.3032530473,
            3.476064767,
            28.2279025185
        ],
        [
            23.0978630767,
            73.9106502022,
            67.9932492549
        ],
        [
            89.3257772028,
            9.6069444303,
            42.7702601488
        ],
        [
            3.9499247244,
            22.6451595056,
            51.0301735222
        ],
        [
            3.6270609987,
            20.684927418,
            65.3385593402
        ]
    ],
    "shift_requirements": [
        5,
        4,
        2
    ],
    "preferences": [
        [
            5.0428814166,
            3.5037163741,
            8.8237028871
        ],
        [
            7.8292663042,
            2.4369338474,
            4.8035295834
        ],
        [
            3.500842075,
            2.937823859,
            7.8714471611
        ],
        [
            1.9198924887,
            4.4193457057,
            4.2308144244
        ],
        [
            4.0956015023,
            3.380687805,
            1.3910539863
        ]
    ],
    "shift_hours": [
        5.8376995187,
        4.4993046514,
        7.6891814881
    ],
    "max_weekly_hours": 40
}