{
    "values": [
        80.6068757611,
        69.8952658644,
        46.9904385729,
        56.1831736093,
        91.8295314311
    ],
    "weights": [
        13.0145013197,
        14.2005714501,
        46.9996805123,
        53.5820566997,
        56.3336037468
    ],
    "capacity": 162.0624889455,
    "group_constraints": [
        [
            0,
            1
        ],
        [
            2,
            3
        ]
    ],
    "conflict_constraints": [
        [
            0,
            2
        ],
        [
            1,
            4
        ]
    ]
}