{
    "nodes": [
        "node_0",
        "node_1",
        "node_2",
        "node_3",
        "node_4",
        "node_5",
        "node_6",
        "node_7",
        "node_8",
        "node_9"
    ],
    "edges": [
        {
            "from": "node_2",
            "to": "node_5",
            "cost": 11.658439652426882
        },
        {
            "from": "node_7",
            "to": "node_6",
            "cost": 14.188447534279637
        },
        {
            "from": "node_9",
            "to": "node_8",
            "cost": 20.773708420813655
        },
        {
            "from": "node_4",
            "to": "node_7",
            "cost": 44.31397055242994
        },
        {
            "from": "node_4",
            "to": "node_3",
            "cost": 20.918081473359734
        },
        {
            "from": "node_2",
            "to": "node_6",
            "cost": 81.56993633750389
        },
        {
            "from": "node_3",
            "to": "node_1",
            "cost": 58.62868669927166
        },
        {
            "from": "node_1",
            "to": "node_3",
            "cost": 4.2906799926674
        },
        {
            "from": "node_2",
            "to": "node_0",
            "cost": 36.5965392043008
        },
        {
            "from": "node_6",
            "to": "node_9",
            "cost": 55.111503419165494
        },
        {
            "from": "node_1",
            "to": "node_5",
            "cost": 19.345131267262687
        },
        {
            "from": "node_8",
            "to": "node_7",
            "cost": 19.82355317777311
        },
        {
            "from": "node_3",
            "to": "node_9",
            "cost": 82.9299981884625
        },
        {
            "from": "node_8",
            "to": "node_5",
            "cost": 36.292034068922746
        },
        {
            "from": "node_8",
            "to": "node_2",
            "cost": 80.35799306369061
        }
    ],
    "demand": [
        -6.11219374275823,
        12.547070068209031,
        37.39769017015965,
        6.91524228315339,
        -37.280761612663156,
        1.7246866958044365,
        -39.908699603432794,
        -0.12877566324658574,
        -44.852099119507095,
        4.053802289753996
    ],
    "time_periods": [
        "time_0",
        "time_1",
        "time_2",
        "time_3",
        "time_4"
    ],
    "capacities": [
        [
            12.028823049082675,
            83.9195024569003,
            36.0906832144007,
            84.53336509037291,
            45.13837690125851
        ],
        [
            42.21146752026493,
            88.51982815885991,
            24.20767185934136,
            35.926209589317,
            58.09814290539941
        ],
        [
            31.725856041815643,
            56.598377927115656,
            65.01226212832503,
            38.101538985444364,
            65.67804243488861
        ],
        [
            59.13474569303253,
            90.26275388880596,
            62.44952605953874,
            94.32341972414568,
            98.64405366536063
        ],
        [
            68.79088008923844,
            12.904725301445064,
            47.92651275902464,
            28.046013117646506,
            89.92252281923764
        ],
        [
            15.345277209102926,
            28.380997696800982,
            83.50861404872343,
            39.66482529920103,
            78.16102884486504
        ],
        [
            92.10875860634681,
            15.609565386217438,
            54.419960279480144,
            82.50958655267792,
            60.74705788038036
        ],
        [
            64.90015397428105,
            85.15031105951726,
            82.67387459563156,
            41.12610152583601,
            16.368678625611217
        ],
        [
            47.46161575491194,
            76.53604533611937,
            93.64272279481153,
            89.87667701861466,
            53.08943364913807
        ],
        [
            21.651811855627265,
            75.09967978117382,
            19.365509474307352,
            54.69370481136727,
            30.272053692715815
        ],
        [
            41.5231914731592,
            52.9833330758486,
            80.33876543108384,
            88.88048207336595,
            30.497962325289045
        ],
        [
            93.81218809621103,
            12.371843752452662,
            80.36403047310326,
            27.65568545517867,
            64.7325005935617
        ],
        [
            44.144955064167895,
            71.52355601201296,
            11.628537772034377,
            53.39560050288318,
            44.841231099600606
        ],
        [
            43.95050296626722,
            21.27136542405693,
            73.12040089380011,
            59.459043163056215,
            20.40248795908508
        ],
        [
            20.619330113703047,
            65.40878816267929,
            91.31961616198555,
            41.66101863554199,
            40.88130734329845
        ]
    ]
}