{
    "expected_returns": [
        7.4082170256,
        62.9445706952,
        5.3609074293,
        14.9197584474,
        56.2839597085,
        30.3835511842,
        99.391812271,
        11.8451562211,
        76.4443445326,
        60.6317651243
    ],
    "risks": [
        79.0740829843,
        22.5687137065,
        52.257253513,
        45.0514464889,
        44.2721004019,
        86.0166665826,
        99.0031260467,
        30.5380244319,
        62.1027321072,
        60.9630912245
    ],
    "capital_available": 74.0089305485,
    "asset_costs": [
        94.7590200325,
        20.7787905824,
        21.1025195305,
        66.0428137192,
        15.7057093381,
        17.3813548326,
        7.5064868901,
        0.2675722603,
        45.0503704618,
        59.381119512
    ],
    "risk_tolerance": 29.1259289031,
    "asset_types": [
        "bonds",
        "real_estate",
        "real_estate",
        "commodities",
        "stocks",
        "bonds",
        "real_estate",
        "bonds",
        "commodities",
        "stocks"
    ],
    "min_diversification": 2
}