{
    "nodes": [
        "Node_0",
        "Node_1",
        "Node_2",
        "Node_3",
        "Node_4",
        "Node_5",
        "Node_6",
        "Node_7",
        "Node_8",
        "Node_9"
    ],
    "edges": [
        [
            "Node_3",
            "Node_9"
        ],
        [
            "Node_0",
            "Node_8"
        ],
        [
            "Node_9",
            "Node_2"
        ],
        [
            "Node_6",
            "Node_1"
        ],
        [
            "Node_3",
            "Node_7"
        ],
        [
            "Node_1",
            "Node_5"
        ],
        [
            "Node_0",
            "Node_4"
        ],
        [
            "Node_1",
            "Node_6"
        ],
        [
            "Node_5",
            "Node_9"
        ],
        [
            "Node_2",
            "Node_0"
        ],
        [
            "Node_1",
            "Node_7"
        ],
        [
            "Node_4",
            "Node_9"
        ],
        [
            "Node_0",
            "Node_5"
        ],
        [
            "Node_0",
            "Node_9"
        ],
        [
            "Node_7",
            "Node_5"
        ],
        [
            "Node_3",
            "Node_0"
        ],
        [
            "Node_4",
            "Node_5"
        ],
        [
            "Node_0",
            "Node_1"
        ],
        [
            "Node_8",
            "Node_9"
        ]
    ],
    "capacities": [
        38.7577020612549,
        40.48699119881709,
        18.623069277166813,
        96.53988167134575,
        86.68603556225307,
        9.82964245997884,
        85.3822374911163,
        17.131127703650197,
        78.16976196942647,
        29.208653010946747,
        75.5032980627478,
        65.75236558362343,
        12.93959642616003,
        49.59366466335164,
        43.80348352233349,
        80.82896639591665,
        31.700029413921328,
        68.81123224457984,
        13.997380178759851
    ],
    "latencies": [
        6.989682665951576,
        8.48847586890393,
        5.613879030934284,
        5.406607322461767,
        8.968717347776932,
        5.287957179667909,
        6.067513692401846,
        4.807635223954924,
        7.80841579141339,
        8.29894923652801,
        6.524810051003117,
        4.906953302593353,
        4.834153889391773,
        1.3639428065722667,
        4.075703626568959,
        5.1717238805291075,
        3.0180719109512526,
        7.17612882273435,
        2.395627307713095
    ],
    "source": "Node_7",
    "sink": "Node_8"
}