{
    "facility_costs": [
        3557.7071938315,
        1100.0430208907,
        2100.1172734765
    ],
    "transport_costs": [
        [
            30.0889664334,
            76.2824092748,
            70.9029538681,
            90.2961610934,
            17.8244949366
        ],
        [
            47.9729637717,
            12.6817497494,
            29.6774177323,
            55.4819759293,
            12.3882372715
        ],
        [
            27.8953885618,
            68.4895994002,
            59.0447332543,
            29.8396559837,
            63.0339115488
        ]
    ],
    "capacities": [
        [
            171.4145685017,
            50.9748139517
        ],
        [
            170.8728877749,
            154.7209092482
        ],
        [
            101.0375774777,
            73.3219249718
        ]
    ],
    "demands": [
        9.6149176499,
        4.029350906,
        1.8347125904,
        1.8704473915,
        8.6274492971
    ],
    "service_levels": [
        [
            0.3414904125,
            0.4228513093
        ],
        [
            0.3918927147,
            0.3144912366
        ],
        [
            0.4892463056,
            0.2514137509
        ]
    ],
    "service_demands": [
        [
            3.2081625251,
            4.317618657
        ],
        [
            3.4740790095,
            4.4468276012
        ],
        [
            3.309408581,
            3.8182873449
        ],
        [
            1.1832975346,
            1.9115931026
        ],
        [
            2.1575518544,
            1.3191679077
        ]
    ]
}