{
    "locations": [
        "Location_0",
        "Location_1",
        "Location_2",
        "Location_3",
        "Location_4"
    ],
    "time_dependent_distances": [
        [
            [
                1.4356833504,
                1.8961726772,
                8.0550078566,
                5.1362358641,
                2.1181346131
            ],
            [
                8.7188643994,
                4.9715735399,
                1.0060833836,
                9.6222859237,
                2.8208638576
            ],
            [
                7.1973269372,
                2.1872177865,
                6.8499747941,
                2.4307971662,
                9.3945300645
            ],
            [
                3.4661751229,
                6.8912916798,
                3.2535035069,
                4.3465939088,
                9.1342024195
            ],
            [
                2.4897257124,
                4.5670741024,
                3.7495832036,
                7.2949723437,
                3.1072945734
            ]
        ],
        [
            [
                6.8993670555,
                7.3332823579,
                1.0097767332,
                5.2912603743,
                2.1942981284
            ],
            [
                3.0357177531,
                7.1198445261,
                1.0835825285,
                7.2603739656,
                8.3539812422
            ],
            [
                9.8933941852,
                4.800825404,
                2.1895763598,
                1.6374547486,
                4.4476293311
            ],
            [
                7.5768704359,
                1.921844534,
                3.820163297,
                8.9289009548,
                2.2341636527
            ],
            [
                7.9611443529,
                7.7784202089,
                2.1983160807,
                9.9364613972,
                2.2856776015
            ]
        ],
        [
            [
                5.7745744889,
                1.0762726776,
                6.8501819184,
                4.960894787,
                7.5018882373
            ],
            [
                6.6527203451,
                2.3623671776,
                4.7053890492,
                7.1790955289,
                8.7396627214
            ],
            [
                1.7801923012,
                1.9041860123,
                7.7720108189,
                6.3061652599,
                4.4562871841
            ],
            [
                9.669238395,
                3.8305330136,
                2.2584716993,
                3.4927089125,
                1.758238444
            ],
            [
                5.9805696861,
                6.400070805,
                6.4683378902,
                8.0107268726,
                7.2142846751
            ]
        ]
    ],
    "truck_capacity": 92.394605222,
    "waste_amounts": [
        6.9256483308,
        3.7148440022,
        5.6597421502,
        5.585703095,
        7.7305927688
    ],
    "num_trucks": 2,
    "time_windows": [
        [
            1.4777102562,
            5.2728456551
        ],
        [
            4.4895628018,
            9.7733575567
        ],
        [
            2.4744385997,
            5.563718313
        ],
        [
            2.4979127064,
            7.9696488407
        ],
        [
            2.6414325047,
            9.8884847392
        ]
    ],
    "time_periods": [
        "Period_0",
        "Period_1",
        "Period_2"
    ]
}