{
    "locations": [
        "Location_0",
        "Location_1",
        "Location_2",
        "Location_3",
        "Location_4"
    ],
    "distances": [
        [
            0.0,
            8.7947091549,
            3.2470951774,
            7.4025536396,
            8.4563362243
        ],
        [
            8.7947091549,
            0.0,
            7.0861109833,
            5.4051285332,
            6.1968297637
        ],
        [
            3.2470951774,
            7.0861109833,
            0.0,
            5.067925503,
            6.7026498702
        ],
        [
            7.4025536396,
            5.4051285332,
            5.067925503,
            0.0,
            3.5040311907
        ],
        [
            8.4563362243,
            6.1968297637,
            6.7026498702,
            3.5040311907,
            0.0
        ]
    ],
    "truck_capacity": 100.0,
    "waste_amounts_min": [
        1.0222577663,
        7.9672176139,
        7.5945162389,
        7.5783874374,
        5.1260433101
    ],
    "waste_amounts_max": [
        7.9995521538,
        12.191222178,
        9.1644924134,
        13.3882076169,
        8.0865127252
    ],
    "num_trucks": 2,
    "time_windows": [
        [
            2.1482155034,
            6.8474058656
        ],
        [
            1.3426841916,
            9.3133744682
        ],
        [
            1.6887757759,
            8.311734561
        ],
        [
            2.8307105546,
            7.941351616
        ],
        [
            1.7186981028,
            8.7302077044
        ]
    ]
}