{
    "students": [
        "student_0",
        "student_1",
        "student_2",
        "student_3",
        "student_4"
    ],
    "courses": [
        "course_0",
        "course_1",
        "course_2"
    ],
    "preferences": [
        [
            0.6394267985,
            0.0250107552,
            0.2750293184
        ],
        [
            0.2232107381,
            0.7364712142,
            0.6766994874
        ],
        [
            0.8921795677,
            0.0869388326,
            0.4219218197
        ],
        [
            0.0297972194,
            0.2186379748,
            0.5053552881
        ],
        [
            0.0265359697,
            0.1988376507,
            0.6498844378
        ]
    ],
    "capacities": [
        5,
        4,
        2
    ],
    "instructor_preferences": [
        [
            0.4492090463,
            0.2781907082,
            0.8693003208,
            0.7588073671,
            0.1596593164
        ],
        [
            0.4226143982,
            0.2778713417,
            0.2153137621,
            0.763494129,
            0.1022102765
        ],
        [
            0.3799273006,
            0.3589793805,
            0.3439557225,
            0.2645208672,
            0.0434504429
        ]
    ]
}