{
    "teachers": [
        "Teacher_0",
        "Teacher_1",
        "Teacher_2"
    ],
    "classes": [
        "Class_0",
        "Class_1",
        "Class_2"
    ],
    "time_slots": [
        "TimeSlot_0",
        "TimeSlot_1",
        "TimeSlot_2",
        "TimeSlot_3"
    ],
    "availability": [
        [
            false,
            false,
            true,
            true
        ],
        [
            false,
            true,
            true,
            true
        ],
        [
            false,
            true,
            false,
            true
        ]
    ],
    "preferences": [
        [
            [
                0.8792702425,
                0.3695270887,
                0.1577468324,
                0.8337449546
            ],
            [
                0.7035399251,
                0.6116777657,
                0.9872330636,
                0.6539763177
            ],
            [
                0.0078231072,
                0.8171041351,
                0.2993787522,
                0.663388715
            ]
        ],
        [
            [
                0.9389300039,
                0.1342911144,
                0.1154286704,
                0.1070359777
            ],
            [
                0.5532236409,
                0.2723482123,
                0.604829827,
                0.7176121871
            ],
            [
                0.2035973123,
                0.6342379589,
                0.2639839016,
                0.4885318521
            ]
        ],
        [
            [
                0.9053364911,
                0.8461037133,
                0.0922984677,
                0.4235757726
            ],
            [
                0.276680224,
                0.0035456891,
                0.771119223,
                0.6371133773
            ],
            [
                0.2619552624,
                0.7412309083,
                0.5516804211,
                0.427686919
            ]
        ]
    ]
}