{
    "large_sheet_width": 1825.41,
    "large_sheet_height": 4787.18,
    "small_panes": [
        [
            362.78,
            234.36
        ],
        [
            304.89,
            90.98
        ],
        [
            245.29,
            302.4
        ],
        [
            430.11,
            131.77
        ],
        [
            62.56,
            10.13
        ],
        [
            313.45,
            430.01
        ],
        [
            465.78,
            158.69
        ],
        [
            367.09,
            480.99
        ],
        [
            36.23,
            115.5
        ],
        [
            485.76,
            373.5
        ],
        [
            47.29,
            214.57
        ],
        [
            155.76,
            27.15
        ],
        [
            158.0,
            138.74
        ],
        [
            68.96,
            321.99
        ],
        [
            398.45,
            441.34
        ],
        [
            95.54,
            65.17
        ],
        [
            125.05,
            436.2
        ]
    ],
    "demand": [
        51,
        63,
        86,
        79,
        4,
        36,
        49,
        13,
        25,
        48,
        3,
        16,
        27,
        88,
        61,
        93,
        75
    ],
    "max_perimeter": 7254.27
}