{
    "nurses": [
        "Nurse_0",
        "Nurse_1",
        "Nurse_2",
        "Nurse_3",
        "Nurse_4",
        "Nurse_5",
        "Nurse_6",
        "Nurse_7",
        "Nurse_8",
        "Nurse_9"
    ],
    "shifts": [
        "Shift_0",
        "Shift_1",
        "Shift_2",
        "Shift_3",
        "Shift_4"
    ],
    "shift_requirements": [
        1,
        3,
        1,
        3,
        1
    ],
    "max_hours": [
        27.39,
        27.87,
        29.29,
        36.14,
        38.34,
        26.07,
        30.71,
        26.54,
        26.16,
        38.97
    ],
    "shift_hours": [
        6.05,
        5.54,
        7.48,
        6.75,
        6.78
    ],
    "nurse_skills": [
        4.69,
        3.42,
        3.64,
        3.3,
        2.88,
        1.36,
        2.96,
        2.37,
        3.07,
        3.53
    ],
    "shift_skill_requirements": [
        2.01,
        2.07,
        2.09,
        2.16,
        3.05
    ]
}