{
    "expected_returns": [
        [
            0.2293804365,
            0.6948692837,
            0.3131439698,
            0.5857400295,
            0.4785278839
        ],
        [
            0.5356127118,
            0.4312487746,
            0.7484760823,
            0.3374833842,
            0.7058263928
        ],
        [
            0.2782072627,
            0.2588896394,
            0.1294493259,
            0.2006584505,
            0.1283591938
        ]
    ],
    "risks": [
        [
            0.5405053257,
            0.7645677134,
            0.193298344,
            0.2242207935,
            0.4893566013
        ],
        [
            0.7273391511,
            0.9768409527,
            0.5293905004,
            0.2901687162,
            0.109520847
        ],
        [
            0.2021764023,
            0.2352083318,
            0.1876471282,
            0.0240068836,
            0.5387937384
        ]
    ],
    "initial_capital": 28.15682135,
    "asset_costs": [
        [
            9.745519818,
            5.578253771,
            7.004432189999999,
            1.35016698,
            8.697765853
        ],
        [
            4.959699076,
            8.739925375999999,
            5.7832357739999996,
            4.747029755,
            4.460641101999999
        ],
        [
            1.9252003370000002,
            0.6086294999999999,
            9.416529608000001,
            4.829518954,
            8.238944888
        ]
    ],
    "risk_tolerance": 4.067003678,
    "num_periods": 3
}