{
    "logistics_and_supply_chain": "In logistics and supply chain management, the TSP can be applied to optimize the route of delivery trucks to minimize travel distance or time while ensuring that each delivery location is visited exactly once. The objective is to minimize the total travel cost, the variables are the routes taken, and the constraints ensure that each location is visited once and the route starts and ends at the depot.",
    "manufacturing_and_production": "In manufacturing, the TSP can be used to optimize the sequence of operations on a machine to minimize setup times or costs. The objective is to minimize the total setup time or cost, the variables are the sequence of operations, and the constraints ensure that each operation is performed exactly once and the machine returns to its initial state.",
    "circuit_board_design": "In the design of printed circuit boards (PCBs), the TSP can be applied to minimize the length of the wiring paths. The objective is to minimize the total wiring length, the variables are the paths taken by the wires, and the constraints ensure that each connection point is visited exactly once.",
    "robotics_and_path_planning": "In robotics, the TSP can be used to plan the path of a robot to visit multiple waypoints or targets in an environment. The objective is to minimize the total travel distance or time, the variables are the robot's path, and the constraints ensure that each waypoint is visited exactly once and the robot returns to its starting position.",
    "sales_and_marketing": "In sales and marketing, the TSP can be applied to optimize the route of a salesperson who needs to visit multiple clients or locations. The objective is to minimize the total travel distance or time, the variables are the routes taken, and the constraints ensure that each client or location is visited exactly once and the route starts and ends at the salesperson's home or office.",
    "healthcare_and_home_visits": "In healthcare, the TSP can be used to optimize the route of healthcare professionals making home visits to patients. The objective is to minimize the total travel distance or time, the variables are the routes taken, and the constraints ensure that each patient is visited exactly once and the route starts and ends at the healthcare facility.",
    "tourism_and_travel_planning": "In tourism, the TSP can be applied to plan the itinerary of a tourist who wants to visit multiple attractions. The objective is to minimize the total travel distance or time, the variables are the routes taken, and the constraints ensure that each attraction is visited exactly once and the route starts and ends at the tourist's accommodation.",
    "waste_collection": "In waste collection, the TSP can be used to optimize the route of garbage trucks to minimize travel distance or time while ensuring that each collection point is visited exactly once. The objective is to minimize the total travel cost, the variables are the routes taken, and the constraints ensure that each collection point is visited once and the route starts and ends at the waste disposal facility."
}