{
    "nodes": [
        "Node_0",
        "Node_1",
        "Node_2",
        "Node_3",
        "Node_4",
        "Node_5",
        "Node_6",
        "Node_7"
    ],
    "edges": [
        [
            "Node_6",
            "Node_5"
        ],
        [
            "Node_6",
            "Node_1"
        ],
        [
            "Node_2",
            "Node_4"
        ],
        [
            "Node_1",
            "Node_5"
        ],
        [
            "Node_7",
            "Node_0"
        ],
        [
            "Node_0",
            "Node_2"
        ],
        [
            "Node_7",
            "Node_2"
        ],
        [
            "Node_0",
            "Node_6"
        ],
        [
            "Node_3",
            "Node_4"
        ],
        [
            "Node_5",
            "Node_1"
        ],
        [
            "Node_1",
            "Node_2"
        ],
        [
            "Node_3",
            "Node_2"
        ],
        [
            "Node_2",
            "Node_5"
        ],
        [
            "Node_4",
            "Node_3"
        ],
        [
            "Node_1",
            "Node_6"
        ],
        [
            "Node_5",
            "Node_2"
        ],
        [
            "Node_3",
            "Node_0"
        ]
    ],
    "capacities": [
        94.86281249876349,
        92.38812283645919,
        65.06356224110955,
        63.0361083942802,
        90.77763327068597,
        97.43862960323737,
        20.628354064498335,
        70.42485426613135,
        17.706839680139073,
        40.7024561999917,
        43.461433443716764,
        26.755620217143505,
        9.817065468767682,
        37.42409525694076,
        94.77710733679716,
        12.617701362053866,
        72.1397589598442
    ],
    "latencies": [
        4.916428617836787,
        9.279901440103082,
        5.08337078575281,
        7.062490384633401,
        2.0666111411180754,
        7.422073407682093,
        2.7148974874203713,
        8.757430518572864,
        8.039097490875612,
        3.591657755657935,
        5.447513419677776,
        2.1717939815057608,
        8.707039548899631,
        6.4007450784750235,
        9.956867049759627,
        3.546705205294285,
        7.094697860660169
    ],
    "reliabilities": [
        0.709165495560951,
        0.7042620509582145,
        0.5729714260577154,
        0.6450964807574755,
        0.6308997319470555,
        0.8088401200286175,
        0.9536641174864693,
        0.6848188697654869,
        0.8421335430712833,
        0.7290820557092825,
        0.5051601211312473,
        0.5666024680116901,
        0.6616229898273913,
        0.8465117789713841,
        0.8434262246348622,
        0.856667974529771,
        0.8542265833291819
    ],
    "source": "Node_4",
    "sink": "Node_1",
    "min_reliability": 0.5476397110410034
}