{
    "nodes": [
        "Node_0",
        "Node_1",
        "Node_2",
        "Node_3",
        "Node_4",
        "Node_5",
        "Node_6",
        "Node_7",
        "Node_8",
        "Node_9"
    ],
    "edges": [
        [
            "Node_6",
            "Node_7"
        ],
        [
            "Node_4",
            "Node_0"
        ],
        [
            "Node_2",
            "Node_0"
        ],
        [
            "Node_9",
            "Node_3"
        ],
        [
            "Node_7",
            "Node_5"
        ],
        [
            "Node_5",
            "Node_2"
        ],
        [
            "Node_4",
            "Node_6"
        ],
        [
            "Node_4",
            "Node_8"
        ],
        [
            "Node_8",
            "Node_7"
        ],
        [
            "Node_1",
            "Node_6"
        ],
        [
            "Node_5",
            "Node_9"
        ],
        [
            "Node_1",
            "Node_9"
        ],
        [
            "Node_2",
            "Node_4"
        ],
        [
            "Node_6",
            "Node_9"
        ],
        [
            "Node_8",
            "Node_0"
        ],
        [
            "Node_3",
            "Node_5"
        ],
        [
            "Node_3",
            "Node_2"
        ],
        [
            "Node_0",
            "Node_4"
        ],
        [
            "Node_3",
            "Node_6"
        ],
        [
            "Node_9",
            "Node_1"
        ]
    ],
    "capacities": [
        33.220098938197275,
        57.02652991366112,
        66.7542819065456,
        82.2927010977157,
        18.33443580907524,
        39.32948419957436,
        19.390447062527706,
        64.90350948321407,
        17.693093980800437,
        45.02758538137671,
        17.819139969009687,
        82.97529528947074,
        64.21198938160808,
        58.516174836979786,
        32.44083754341121,
        16.812139617079673,
        19.888229035073987,
        35.57449547483052,
        76.24083937750743,
        52.933940637313285
    ],
    "latencies": [
        1.5530343801663886,
        6.030132450340928,
        1.34954649839002,
        0.6765578229065563,
        8.287471212794381,
        1.4208612067220865,
        1.0607150225072361,
        9.7896795888487,
        3.7795861563225,
        6.880024679520408,
        7.010370088899773,
        8.237035261465852,
        7.114416177959136,
        0.41308663280316016,
        3.5772979736541286,
        6.785158346478007,
        4.0156605740295515,
        4.863931303158201,
        2.319471146932837,
        1.0456734995518826
    ],
    "source": "Node_3",
    "sink": "Node_9"
}