{
    "profits": [
        45.588927225,
        32.2455572879,
        18.9463721333,
        69.7800929193,
        57.2225844343,
        23.4328883612,
        77.5768930624,
        4.4603651798,
        74.4960446414,
        70.5522653144
    ],
    "space_required": [
        81.1597493662,
        38.6692673738,
        66.4025140655,
        82.0926804158,
        98.0837320521,
        49.5833320967,
        3.7982591734,
        50.2788858983,
        59.059024888,
        86.9830613049
    ],
    "available_spaces": [
        87.431618368,
        44.0865903561,
        52.6425135721
    ],
    "categories": [
        3,
        0,
        1,
        3,
        1,
        0,
        3,
        2,
        2,
        3
    ],
    "min_products_per_category": [
        3,
        1,
        2,
        3
    ],
    "max_products_per_category": [
        5,
        4,
        4,
        5
    ]
}