{
  "Knapsack Problem": "Objective: Maximize the total value of items packed in a knapsack without exceeding its weight capacity. Variables: Binary variables indicating whether each item is included. Constraints: Total weight of selected items must not exceed the capacity.",
  "Traveling Salesman Problem (TSP)": "Objective: Minimize the total travel cost or distance for a salesman who must visit each city exactly once and return to the origin city. Variables: Binary variables indicating whether a path between two cities is included in the tour. Constraints: Each city must be visited exactly once; must form a valid tour.",
  "Vehicle Routing Problem (VRP)": "Objective: Minimize total travel distance or cost for a fleet of vehicles delivering goods to various locations. Variables: Binary variables indicating whether a vehicle travels a route between two locations. Constraints: Each location must be visited exactly once by one vehicle; vehicles have capacity limits.",
  "Bin Packing Problem": "Objective: Minimize the number of bins used to pack a set of items, each with a given size, into bins with a fixed capacity. Variables: Binary and integer variables indicating which items are placed in which bins. Constraints: Total size of items in each bin must not exceed its capacity.",
  "Set Covering Problem": "Objective: Minimize the number of subsets needed to cover a universal set. Variables: Binary variables indicating whether each subset is selected. Constraints: Every element of the universal set must be included in at least one of the selected subsets.",
  "Capacitated Facility Location Problem": "Objective: Minimize the total cost of opening facilities and serving customers from those facilities. Variables: Binary variables for facility opening; continuous variables for customer assignment. Constraints: Each customer's demand must be met; facilities have capacity limits.",
  "Capital Budgeting Problem": "Objective: Maximize the total profit from selected projects under budget constraints. Variables: Binary variables for project selection. Constraints: Total cost of selected projects must not exceed available budget.",
  "Assignment Problem": "Objective: Minimize the total cost of assigning tasks to agents. Variables: Binary decision variables indicating whether task i is assigned to agent j. Constraints: Each task is assigned to exactly one agent, and each agent is assigned exactly one task."
}