{
    "Employee Scheduling": "Assigning employees to shifts in a way that meets labor requirements while minimizing costs or maximizing employee satisfaction. Variables represent whether an employee is assigned to a shift, constraints ensure coverage for each shift, and the objective could be to minimize total labor cost or maximize overall employee satisfaction.",
    "Task Assignment in Project Management": "Assigning tasks to team members in a project to ensure timely completion while balancing workload. Variables represent whether a team member is assigned to a task, constraints ensure each task is assigned to exactly one team member, and the objective could be to minimize the total project completion time or balance the workload among team members.",
    "School Timetabling": "Assigning teachers to classes and time slots in a way that meets curriculum requirements and teacher availability. Variables represent whether a teacher is assigned to a class at a specific time, constraints ensure each class is assigned a teacher and no teacher is double-booked, and the objective could be to minimize timetable conflicts or maximize teacher preferences.",
    "College Course Allocation": "Assigning students to courses based on preferences and course capacity. Variables represent whether a student is assigned to a course, constraints ensure course capacities are not exceeded and students meet prerequisites, and the objective could be to maximize student satisfaction or course enrollment.",
    "Healthcare Staff Assignment": "Assigning healthcare staff to patients or shifts to ensure adequate coverage and quality of care. Variables represent whether a staff member is assigned to a patient or shift, constraints ensure coverage requirements are met, and the objective could be to minimize staffing costs or maximize patient care quality.",
    "Manufacturing Job Scheduling": "Assigning jobs to machines in a manufacturing process to optimize production efficiency. Variables represent whether a job is assigned to a machine, constraints ensure machine capacity and job precedence are respected, and the objective could be to minimize total production time or maximize machine utilization.",
    "Call Center Agent Scheduling": "Assigning agents to shifts in a call center to meet call demand while minimizing costs. Variables represent whether an agent is assigned to a shift, constraints ensure call demand is met for each time period, and the objective could be to minimize labor costs or maximize service level.",
    "Sports Team Formation": "Assigning players to teams in a sports league to balance team strengths. Variables represent whether a player is assigned to a team, constraints ensure team size and position requirements are met, and the objective could be to balance the overall skill levels of the teams.",
    "Facility Location and Assignment": "Assigning facilities to locations and resources to facilities to optimize operational efficiency. Variables represent whether a facility is assigned to a location and resources to facilities, constraints ensure capacity and demand requirements are met, and the objective could be to minimize total operational costs or maximize service coverage."
}