{
    "students": [
        "student_0",
        "student_1",
        "student_2",
        "student_3",
        "student_4"
    ],
    "courses": [
        "course_0",
        "course_1",
        "course_2",
        "course_3"
    ],
    "preferences": [
        [
            0.6394267985,
            0.0250107552,
            0.2750293184,
            0.2232107381
        ],
        [
            0.7364712142,
            0.6766994874,
            0.8921795677,
            0.0869388326
        ],
        [
            0.4219218197,
            0.0297972194,
            0.2186379748,
            0.5053552881
        ],
        [
            0.0265359697,
            0.1988376507,
            0.6498844378,
            0.5449414806
        ],
        [
            0.220440622,
            0.5892656839,
            0.8094304567,
            0.0064987597
        ]
    ],
    "capacities": [
        2,
        4,
        3,
        3
    ],
    "prerequisites": [
        [
            0,
            0,
            1,
            0
        ],
        [
            0,
            1,
            0,
            1
        ],
        [
            1,
            1,
            0,
            1
        ],
        [
            0,
            1,
            0,
            1
        ]
    ],
    "completed_courses": [
        [
            1,
            0,
            0,
            0
        ],
        [
            0,
            1,
            0,
            0
        ],
        [
            0,
            1,
            1,
            1
        ],
        [
            1,
            0,
            1,
            1
        ],
        [
            0,
            1,
            0,
            0
        ]
    ]
}