{
    "num_vehicles": 3,
    "vehicle_capacities": [
        18.1315722091,
        16.7403295212,
        18.0616769895
    ],
    "vehicle_fixed_costs": [
        190.9773365999,
        110.7016428694,
        109.6313890251
    ],
    "customer_demands": [
        1.595589943,
        1.767728228,
        3.1058239416,
        4.2608575629,
        2.0692989467
    ],
    "travel_times": [
        [
            0.0,
            4.3574642512,
            4.6542466889,
            6.085019642,
            9.9120972848,
            3.0327152736
        ],
        [
            7.1563746292,
            0.0,
            6.883621476,
            8.7239724312,
            7.8362726516,
            1.8415045488
        ],
        [
            4.4133762002,
            5.9743129558,
            0.0,
            1.0850515539,
            2.542452177,
            5.498725538
        ],
        [
            4.9051868677,
            8.0593867971,
            6.0927096516,
            0.0,
            1.8582565192,
            5.7534326708
        ],
        [
            1.3829658186,
            2.902753503,
            8.8130520152,
            8.9879887633,
            0.0,
            1.4190577367
        ],
        [
            1.6691325393,
            9.3302632907,
            9.0938048578,
            6.0715887764,
            1.2961160214,
            0.0
        ]
    ]
}