{
    "nodes": [
        "Node_0",
        "Node_1",
        "Node_2",
        "Node_3",
        "Node_4",
        "Node_5"
    ],
    "arcs": [
        [
            "Node_4",
            "Node_0"
        ],
        [
            "Node_3",
            "Node_0"
        ],
        [
            "Node_5",
            "Node_4"
        ],
        [
            "Node_0",
            "Node_5"
        ],
        [
            "Node_1",
            "Node_0"
        ],
        [
            "Node_4",
            "Node_2"
        ],
        [
            "Node_3",
            "Node_1"
        ],
        [
            "Node_0",
            "Node_3"
        ],
        [
            "Node_4",
            "Node_5"
        ],
        [
            "Node_1",
            "Node_2"
        ],
        [
            "Node_5",
            "Node_3"
        ],
        [
            "Node_0",
            "Node_1"
        ],
        [
            "Node_3",
            "Node_2"
        ],
        [
            "Node_2",
            "Node_5"
        ],
        [
            "Node_5",
            "Node_1"
        ],
        [
            "Node_2",
            "Node_0"
        ],
        [
            "Node_4",
            "Node_3"
        ],
        [
            "Node_2",
            "Node_1"
        ],
        [
            "Node_2",
            "Node_4"
        ],
        [
            "Node_3",
            "Node_5"
        ],
        [
            "Node_1",
            "Node_3"
        ],
        [
            "Node_3",
            "Node_4"
        ],
        [
            "Node_5",
            "Node_0"
        ],
        [
            "Node_0",
            "Node_4"
        ]
    ],
    "capacities": [
        294074.48771608056,
        984371.7317594279,
        633904.1503811699,
        288278.3864109136,
        628994.5293755941,
        893025.5876354526,
        233466.86946945105,
        370990.28033294994,
        689126.0853074552,
        180292.43771834104,
        182336.06549977805,
        993340.3031128746,
        77933.40821113234,
        897310.1139909658,
        464351.41425827355,
        467680.18031182827,
        946468.8023378496,
        911347.3816348724,
        353813.29022573656,
        541848.6501165179,
        390122.2743372303,
        64720.6772803838,
        498588.1229611351,
        107496.63063224449
    ],
    "costs": [
        43460.167333634265,
        26033.486858294356,
        4711.862225098316,
        86442.87629698019,
        19808.295869679238,
        38556.15403651596,
        22488.67285962349,
        18437.686749144064,
        40388.9594782966,
        84223.11373199355,
        68207.05594340498,
        8729.164675977048,
        55756.895619167204,
        28291.91938486697,
        14824.787642038447,
        76520.76684470361,
        10501.33329198855,
        67060.41527542012,
        471.3531126644613,
        46830.99302599014,
        11884.574894071555,
        50024.07321171579,
        8817.887656779752,
        88918.59193696539
    ],
    "supply": [
        9667.459569654486,
        93570.00228604778,
        35333.351659078784,
        37270.16361232855,
        92089.103917085,
        97083.611725954
    ],
    "demand": [
        8012.941010988401,
        54087.36206179315,
        54514.89483924074,
        39586.37859136461,
        23691.066057171578,
        84438.16388694226
    ]
}