{
    "Warehouse Storage Optimization": "In a warehouse, the objective is to minimize the number of storage bins used while ensuring that the items fit within the bins' capacity constraints. Variables include the items to be stored and the bins available. Constraints ensure that the total volume or weight of items in each bin does not exceed its capacity.",
    "Cloud Computing Resource Allocation": "In cloud computing, the objective is to minimize the number of servers used while ensuring that virtual machines (VMs) fit within the servers' resource constraints. Variables include the VMs and the servers. Constraints ensure that the total CPU, memory, and storage requirements of VMs in each server do not exceed its capacity.",
    "Vehicle Loading": "In logistics, the objective is to minimize the number of vehicles used while ensuring that the cargo fits within the vehicles' capacity constraints. Variables include the cargo items and the vehicles. Constraints ensure that the total weight and volume of cargo in each vehicle do not exceed its capacity.",
    "Memory Allocation in Operating Systems": "In operating systems, the objective is to minimize the number of memory blocks used while ensuring that processes fit within the memory blocks' capacity constraints. Variables include the processes and the memory blocks. Constraints ensure that the total memory requirement of processes in each block does not exceed its capacity.",
    "Cutting Stock Problem": "In manufacturing, the objective is to minimize the number of raw material pieces used while ensuring that the cut pieces fit within the raw material pieces' dimensions. Variables include the cut pieces and the raw material pieces. Constraints ensure that the total dimensions of cut pieces in each raw material piece do not exceed its dimensions.",
    "Telecommunications Frequency Allocation": "In telecommunications, the objective is to minimize the number of frequency bands used while ensuring that the channels fit within the frequency bands' capacity constraints. Variables include the channels and the frequency bands. Constraints ensure that the total bandwidth requirement of channels in each frequency band does not exceed its capacity.",
    "Classroom Scheduling": "In educational institutions, the objective is to minimize the number of classrooms used while ensuring that the classes fit within the classrooms' capacity constraints. Variables include the classes and the classrooms. Constraints ensure that the total number of students in each class does not exceed the classroom's capacity.",
    "Advertisement Slot Allocation": "In media planning, the objective is to minimize the number of advertisement slots used while ensuring that the advertisements fit within the slots' time constraints. Variables include the advertisements and the slots. Constraints ensure that the total duration of advertisements in each slot does not exceed its time limit."
}