{
    "Budget Allocation": "In budget allocation, the objective is to maximize the return on investment by selecting a subset of projects or investments within a fixed budget. The variables represent the selection of projects, and the constraints ensure that the total cost does not exceed the available budget.",
    "Cargo Loading": "In cargo loading, the objective is to maximize the value of items loaded onto a vehicle with a fixed capacity. The variables represent the selection of items, and the constraints ensure that the total weight or volume of the selected items does not exceed the vehicle's capacity.",
    "Resource Allocation": "In resource allocation, the objective is to maximize the utility or benefit derived from allocating limited resources to various tasks or activities. The variables represent the allocation decisions, and the constraints ensure that the total resources allocated do not exceed the available supply.",
    "Portfolio Optimization": "In portfolio optimization, the objective is to maximize the expected return of a portfolio of financial assets within a risk tolerance level. The variables represent the selection of assets, and the constraints ensure that the total investment does not exceed the available capital and that the risk is within acceptable limits.",
    "Knapsack Problem in E-commerce": "In e-commerce, the objective is to maximize the profit from selecting a subset of products to display on the homepage within a limited space. The variables represent the selection of products, and the constraints ensure that the total space occupied by the selected products does not exceed the available display area.",
    "Event Planning": "In event planning, the objective is to maximize the attendee satisfaction by selecting a subset of activities or sessions within a fixed time frame. The variables represent the selection of activities, and the constraints ensure that the total duration of the selected activities does not exceed the available time.",
    "Supply Chain Management": "In supply chain management, the objective is to maximize the efficiency or profit by selecting a subset of suppliers or transportation routes within a fixed budget or capacity. The variables represent the selection of suppliers or routes, and the constraints ensure that the total cost or capacity does not exceed the available limits.",
    "Marketing Campaigns": "In marketing campaigns, the objective is to maximize the reach or impact by selecting a subset of marketing channels or strategies within a fixed budget. The variables represent the selection of channels or strategies, and the constraints ensure that the total cost does not exceed the available budget.",
    "Healthcare Resource Allocation": "In healthcare resource allocation, the objective is to maximize the health outcomes by selecting a subset of treatments or interventions within a fixed budget or resource limit. The variables represent the selection of treatments, and the constraints ensure that the total cost or resource usage does not exceed the available limits.",
    "Education Resource Allocation": "In education resource allocation, the objective is to maximize the educational outcomes by selecting a subset of programs or courses within a fixed budget or resource limit. The variables represent the selection of programs, and the constraints ensure that the total cost or resource usage does not exceed the available limits."
}