{
    "nodes": [
        "node_0",
        "node_1",
        "node_2",
        "node_3",
        "node_4",
        "node_5",
        "node_6",
        "node_7",
        "node_8",
        "node_9"
    ],
    "edges": [
        {
            "from": "node_4",
            "to": "node_7",
            "cost": 74.77
        },
        {
            "from": "node_7",
            "to": "node_6",
            "cost": 51.75
        },
        {
            "from": "node_6",
            "to": "node_3",
            "cost": 25.76
        },
        {
            "from": "node_3",
            "to": "node_4",
            "cost": 96.23
        },
        {
            "from": "node_1",
            "to": "node_9",
            "cost": 79.52
        },
        {
            "from": "node_9",
            "to": "node_4",
            "cost": 17.4
        },
        {
            "from": "node_3",
            "to": "node_7",
            "cost": 43.91
        },
        {
            "from": "node_7",
            "to": "node_6",
            "cost": 60.04
        },
        {
            "from": "node_4",
            "to": "node_5",
            "cost": 62.67
        },
        {
            "from": "node_9",
            "to": "node_6",
            "cost": 43.5
        },
        {
            "from": "node_9",
            "to": "node_5",
            "cost": 38.02
        },
        {
            "from": "node_1",
            "to": "node_7",
            "cost": 17.56
        },
        {
            "from": "node_0",
            "to": "node_8",
            "cost": 26.05
        },
        {
            "from": "node_6",
            "to": "node_4",
            "cost": 60.78
        },
        {
            "from": "node_8",
            "to": "node_5",
            "cost": 40.43
        },
        {
            "from": "node_1",
            "to": "node_2",
            "cost": 81.1
        },
        {
            "from": "node_6",
            "to": "node_2",
            "cost": 36.42
        },
        {
            "from": "node_1",
            "to": "node_3",
            "cost": 66.04
        }
    ],
    "demand": [
        -12.8,
        27.95,
        -37.77,
        -18.14,
        -48.91,
        -17.11,
        -3.46,
        29.52,
        39.87,
        6.16
    ],
    "time_periods": [
        "time_0",
        "time_1",
        "time_2",
        "time_3",
        "time_4"
    ],
    "capacities": [
        [
            44.7,
            64.16,
            57.45,
            19.26,
            35.02,
            64.71,
            89.5,
            87.39,
            16.73,
            90.34,
            47.96,
            78.06,
            38.6,
            38.81,
            27.74,
            82.25,
            54.88,
            99.12
        ],
        [
            47.91,
            21.17,
            25.4,
            39.42,
            44.46,
            61.88,
            35.65,
            67.93,
            87.05,
            98.92,
            92.05,
            35.59,
            85.75,
            46.25,
            90.62,
            92.62,
            13.52,
            68.03
        ],
        [
            16.25,
            18.56,
            82.23,
            75.09,
            34.72,
            77.83,
            46.03,
            60.08,
            38.19,
            65.11,
            45.4,
            72.68,
            50.91,
            86.38,
            97.04,
            20.93,
            43.65,
            65.62
        ],
        [
            12.64,
            14.31,
            10.94,
            19.46,
            39.06,
            71.88,
            49.21,
            25.32,
            27.2,
            91.2,
            43.2,
            91.26,
            99.06,
            94.07,
            88.12,
            33.37,
            80.64,
            19.97
        ],
        [
            95.24,
            16.75,
            39.64,
            65.15,
            83.12,
            34.29,
            25.33,
            22.4,
            51.46,
            21.37,
            87.57,
            77.77,
            89.9,
            96.93,
            47.2,
            50.21,
            21.01,
            57.48
        ]
    ]
}